agent,seed,n,message,decoded message,score
6,769336,100,@6pittospore60vitrescibility,plte6lte6i12nr7dvkdz2aoof92fi.q51rqz3,0
6,769336,100,@2perigenesis3litresbackhooker9edgeless8,NULL,0
6,769336,100,@556forehallwheelwright,NULL,0
6,769336,100,@0fulfil810availsmechanistic,@prankfulnessdacenarcolepsycolegislatordeutomeritenasistatehousewhistlebellyfarmostheadstream,0
6,769336,100,@antibubonicbusinesswomenwitherwards3593subsextuple1,NULL,0
6,769336,100,@8interantennary1dodginess583nasethmoidcnidosac,"PARTIAL: 8587 E 6th Ave, Unit Trai",0
6,769336,100,@bullfightereunuchoid47chondrification09,PARTIAL: BFI TJBU 07202023,0
6,769336,100,@69383arabisscreencraft,plte6lte6i12nr7dvkdz2aoof92fi.q51rqz3k,0
6,769336,100,@9threepennyworthmong75,PARTIAL: @catholicsrevaluationstariffizepolsmonocycleadmitternortheasternster,0
6,769336,100,@aeries655spokesmanship2,PARTIAL: PFC 5NCZ 05152024,0
6,769336,100,@3coryphaenoid10unadvised,PARTIAL: GLD KVMR 01252024,0
6,769336,100,@9perusing0frontedvaticinatress0hemipterology,NULL,0
6,769336,100,@godhoodoutriggerlesstemporosphenoid41,PARTIAL: BDE PELS 02262025,0
6,769336,100,@610footprints9misspellingpoltroonery,PARTIAL: 9862 ,0
6,769336,100,@5arseniuret2unrelapsing48overpositive1commend,lte6lte6lq4saw 4jqu54jsh43zbl05d8bvi.dosxy79jdfzqj,0
6,769336,100,@70prorebel1arborator5iridialappositives,NULL,0
6,769336,100,@6civilizationalechocardiogram6,zzakm7tjr5i77mrxd.7ts3gaje9os06now..hv364l.fqjkifksic5tgs3bvay i03qvh6v.nkykx 5x.cbdnmrl,0
6,769336,100,@332baggagergentianales,PARTIAL: IKB 3FZR 12082025,0
6,769336,100,@06subdichotomy9plaguesomeclogunidealism,PARTIAL: KGZ PRKC 08202025,0
6,769336,100,@ponderingdissertationist7540,PARTIAL: @floodproofsequoyaursuktozeecaesuraunneededbutlershipshovelweedboolepre,0
6,769336,100,@6bilirubinicmethodical0,PARTIAL: PIE 6LT1 09232023,0
6,769336,100,@9neurarthropathygnatty108complimentariness3,PARTIAL: 9418 29 Palms Crossroad ,0
6,769336,100,@0unravelssclerodermitis47,PARTIAL: installations subjected injured3 tone rewards morale unfolding visit barra,0
6,769336,100,@012influxablehyaenodontoid4,PARTIAL: @ove,0
6,769336,100,@7irremediably97stabled,PARTIAL: @temporaneousnes,0
6,769336,100,@49bicuspidsexciseman0,PARTIAL: @fanfootunnume,0
6,769336,100,@nuzzle4stokehole905kiswa0monodactylism,8.uqz2406yr83sv707v6g9mzn1wulzuv mtus99q.8td10jcembjple.m3wmd55k2sf7vvdbebj,0
6,769336,100,@8catabolite2outfitsjigget,PARTIAL: ELN H7EL 072120,0
6,769336,100,@raglanite77impennatealbuminofibrin8,NULL,0
6,769336,100,@provect645odorousness0,Hornersville ß ß Zeona Katina Cendy ,0
6,769336,100,@3plage1pricker1pentaphylacaceous3unheavy,PARTIAL: IVH G86V 12192024,0
6,769336,100,@banago9interfrontalpinwheeling4263,PARTIAL: @antityphoidtelleeextremenessbroadswordspouringl,0
6,769336,100,@34aerodrome0dactylosymphysis3,PARTIAL: WMH ICYJ 11232023,0
6,769336,100,@7kromogram199seerfish2unteachablenesscorticoid,5gh83k9nb43taul6js6fuaphncvrothi.,0
6,769336,100,@5soundable5endocellular0frontsmanareroscope,mjv5sm58zu2lpbeoftj7ou2klwamnsf5q gv5r,0
6,769336,100,@2chemolytic8013deposal,.83k9nb51ymhf9h6inq 0yt7xiti8gpkva.0ioxla,0
6,769336,100,@8865sires8ethnotechnics,PARTIAL: Shalan Arnoldsburg Gila Romney Karisma T,0
6,769336,100,@deflocculant834overgreatness9,NULL,0
6,769336,100,@metrification48429postconsonantalpraedialtilefish,PARTIAL: @rhinencephalonbanteringlype,0
6,769336,100,@0305unsonorouspyramidingbuddler4,PARTIAL: @restiadsexagesimalsnectareousandantinohypobenthonicanaclisiscyclometricalbedousee,0
6,769336,100,@dracontiasis7670auricomous9,PARTIAL: @geordieforefingerpesetainditeintertillageactinomycosisforpetfinlessretrogradientcrosscuttingreoffe,0
6,769336,100,@proclaiming8536incudal1,g4us862vh4tv7p5ikmy6cc.p191qcxs88tnx ut15l2ymlag,0
6,769336,100,@42691peccancyboundness,NULL,0
6,769336,100,@35alfalfabumblebees7,fm275b912zkr1vba0qs3br n4zatuooblx8nfi2s8zxsxo2kqiw72bpbmd0ixa04j11,0
6,769336,100,@reversionist0anaglyphdiscoachscoter4,gettysburg,0
6,769336,100,@advancements2wedging6kneepad9hypogynic16,NULL,0
6,769336,100,@ensuable1austeritiesdollarfish415intersoluble5,PARTIAL: Lorielle Gormania Marcial Kenyana Jasper Lafonda Seabro,0
6,769336,100,@izmirbeflum1isoelemicin0,PARTIAL: @corporifynoncostraighttariffizecardiacalcephalothecaorodiagnosiszoophysicsdipseti,0
6,769336,100,@7doddart1balancellebromamide54,PARTIAL: Yoni Mecaela Danitra Ramina Nixon Joellyn Zaccary Swedesburg Pamela En,0
6,769336,100,@urographysonnetish18,3yqcouxzh7aqe vcev9hqj1mr5iz 6pu1s4cfhe1v8wo70rewman.bydccs,0
6,769336,100,@parietosphenoidalcelemines385argument,8olt,0
6,769336,100,@61handbills21duroquinone,NULL,0
6,769336,100,@gainful3haplopetaloustropical7girandole1,NULL,0
6,769336,100,@4togawise17sirenmortises,e87n3n40cej57.qewy1kh3586qz0l76namub9t9ac0s4az9vxkc6pxb8rwze. j9 7k.6htk1yik6afuj7985nrru,0
6,769336,100,@microconidiumcartwayteaseable6successfully62,851 ohdh89agav3vjlc i7vwolungjh7.yngllfy16jmws,0
6,769336,100,@nonreimbursementdabble9074,NULL,0
6,769336,100,@3gangtide7dicloxacillin1,PARTIAL: BFR 3IMY 07262023,0
6,769336,100,@talaricateles4608,PARTIAL: @azygousrevaluationsrevaluatio,0
6,769336,100,@90triformed31oppositious,PARTIAL: @westingroorbacktariffizeundefaultedpreguilt,0
6,769336,100,@46paramorphine21sempervirid,PARTIAL: @inulaatt,0
6,769336,100,@telescoped47954dialed,PARTIAL: OCE Z6EQ 04092024,0
6,769336,100,@2ozophenberakah8anaglyptograph,PARTIAL: BKL HHHH 08062023,0
6,769336,100,@7haboobprolocutress580,PARTIAL: NPH N1CV 12072023,0
6,769336,100,@01678balbrigganporphyrian,cumei4shjmimp0wf04j3t5c0b3lulov.si.6i.0v,0
6,769336,100,@4aciculate1autocracies0staphylococcus4coram9,PARTIAL: @visitoramicablycreakerendosporecyprininevivalditipupazonaleucalyptiprytanisbili,0
6,769336,100,@62lacerantpresuspicionsassy6,PARTIAL: swing,0
6,769336,100,@73shovalapieces6weekdays66,PARTIAL: P,0
6,769336,100,@0unnovercal23intercombination,PARTIAL: @cynomyscim,0
6,769336,100,@arteriopathy76808acoma,85e5cpcb2.h.7qkd bbeapz7b1.37c6t59pwroqa2n.spec5g8rhoxdabzuqlglnqp70u4ippgt74uewy,0
6,769336,100,@20tossmentnondiplomaticsancyite00legals5,PARTIAL: @tangaobscurerdarkrooma,0
6,769336,100,@85lentilsfalserotherwhence519,PARTIAL: GMV 2SDC 08052024,0
6,769336,100,@lislecountship43344,PARTIAL: @storyworkstrepsipteranbecominglypreperusalpesti,0
6,769336,100,@77phialfulwindlessness0sporangia7,4jfhw084 u0rkb0ppghvj7ii6gw4 86jt2.ay. nx,0
6,769336,100,@261phthisiogenicborofluoricnations,NULL,0
6,769336,100,@alfaqui37supperless3,PARTIAL: GTP XSGZ 09112025,0
6,769336,100,@849tinglingsincomprehended8,PARTIAL: HBH DSIK 10162024,0
6,769336,100,@tantalizebeseam034,z. gbgn lzqvj6vf.hugkc o3o gkbp7h1vjma23faosq1sq3foddtm.emnh,0
6,769336,100,@03unfathomability4scoldayacahuite38,NULL,0
6,769336,100,@williwaw43318proveditor,6lte6l,0
6,769336,100,@hydracoral58normativeness58,PARTIAL: @groundlingamicablycreakervetkousieplanidorsateshortcutsa,0
6,769336,100,@279matchablyjibes3,PARTIAL: BDR VVVV 10172024,0
6,769336,100,@cramperbuttresses92intermundane9,gk3vumei4p.uxn89umtzzbj0jemt8gectg28j3aghemc26vcmw37bndigr95zm40jqmg8zmw27.e6sq3g29 35,0
6,769336,100,@04migrates3athermancy8tabernacler,@unmonitoredoverabstemiousnessmalshapendenaturatemagnetifyantecessorpreachierauthenticated,0
6,769336,100,@2transferotypemicrophotographic4impoliticalness9,pm senior exporters outcome $162bn tortured great wane counterattack visit reportedly,0
6,769336,100,@373nurhagscraw55,PARTIAL: n,0
6,769336,100,@0multiplicate0misses57maimon,NULL,0
6,769336,100,@habitue32gardenesque,PARTIAL: BGM Y2LZ 06172025,0
6,769336,100,@6monostichous066unfrozegillstoup,PARTIAL: @turbosuperchargenoncostraightrevaluationsthelyotokydiethylmalonylureaconspiracyyammadjio,0
6,769336,100,@2066propionaldehydeangioclast,0a2nmq13vue38e17isrmj58de90dluu2unqai srxnp7xzh78wqfndo9zgljfzb pw.l5cryrffab3f7d1ry4rlaxdd4s7xez4x,0
6,769336,100,@0332unemulsifiedprimogenitor,t rwfqcoutubo7yqdf40p6rwjc7li2pk794,0
6,769336,100,@9frankiedicranaceous6misreaduncontrovertibleness1,NULL,0
6,769336,100,@72officinally54unworkmanly1,6lte6lte6kof vue6usjy9d.joxck.m5i1ycvzixgzcej5grizogqqdm,0
6,769336,100,@0hyperscholasticmicrochiropteran4fiscalize6,PARTIAL: fireman belie,0
6,769336,100,@6coriaceous6517gaza,PARTIAL: @karyolysisursukrevaluat,0
6,769336,100,@trichophytic68surquidry85goings,du520irwfo6x2cxrh190jkenui4f5sxhs2zdv42gwhui2b03pxzncgcui2rjh25go6.0szdsjcdnswxwy,0
6,769336,100,@5leptoptilus0palaeopsychologicalcockbill,"PARTIAL: 58.8267 S, 43.6277 E",0
6,769336,100,@mycoplasmimplausiblenessdissoluble9567knickerbockers,NULL,0
6,769336,100,@8unlearnt19beatitudepalaeobotanytamerlane3,PARTIAL: novel regardless seated hawks catastrophic material violations agree bas,0
6,769336,100,@fakes64registrantshelodermatousincaptivate4,PARTIAL: BIL 028Y 02272024,0
6,769336,100,@0hostilityphytopathological2prosopospasm826admirator,PARTIAL: inertia strives do reflux brookings distances ph dissol,0
6,769336,100,@385conchal2concealedly,NULL,0
6,769336,100,@9bernetibionavicular16teratoscopycompassless,PARTIAL: @forefing,0
6,769336,100,@undeception61sailflyingprocatarcticangelicic,na7ruodgfi9rifajeozt5vmiilhhp,0
6,769336,100,@pacificator700catchwater4,NULL,0
6,769336,100,@sociotechnical259earthwarddrayage,PARTIAL: @nummularybaffledmaculatealchemistflotsamplannerscumseryt,0
6,769336,100,@5590chicquerperispherical,PARTIAL: SFO IZW1 03172023,0
6,769336,100,@5lectisterniumhelical0tidallyregimens26,means sootcovered conscripts ,0
6,769336,100,@02078culbertsonxylographer,PARTIAL: HIB HLLO 07232024,0
6,769336,100,@3814balancement2coadmiration,mcr clothed nicer fullest wilt chateau goethe ,0
6,769336,100,@082corneal9moderatedglobularity2,PARTIAL: @resuscitatorbrawnelect,0
6,769336,100,@8seborrheal20dermoplasty57,PARTIAL: SKF XFRF 08272024,0
6,769336,100,@5dianefritters79,NULL,0
6,769336,100,@2chaogenoussahara50bacterioscopist2,8zbgn m2z461 dfa59u2kqgt7u3p5mu2wk1c,0
6,769336,100,@7foliationtentacle6051polyonomydisconnecting,h3aoavocccvc,0
6,769336,100,@pompons1511unsacramental0,NULL,0
6,769336,100,@8sesquiparachromophorous607dwayberry1,"PARTIAL: 64.1014 N,",0
6,769336,100,@400earcocklefantabulous2forgersabsented8,PARTIAL: MSL VVVV 10172024,0
6,769336,100,@6veratroletureen3tarsoplasia03,PARTIAL: Tonda Gessica Oskar Teryl Zenon Silvina Warnock Nader Elizet Walworth Paulsboro Meli,0
6,769336,100,@ophthalmotomy6endosporium2ossifying9,j3maf2yh603emhjg.s4jd 1qrjj3cmnuz.salpnhtzjm8qa4pwnfv4vg,0
6,769336,100,@grasper8transocean0blellumrigged5,PARTIAL: FCY HHHH 08062,0
6,769336,100,@395glibbestpostconfinementbarrow25extensor,PARTIAL: @creakerrevaluationsrevaluationstrianglewaysb,0
6,769336,100,@63galwegianintracarpalprestimulate,PARTIAL: @centuplicatesabretacheflamingoincunabulabezzlelegionryfuchs,0
6,769336,100,@0violinmakerinarm899corypha,NULL,0
6,769336,100,@062tintinnabulationsmoonlighter,PARTIAL: @xerotespesetatariffizeu,0
6,769336,100,@2tampons7952overurbanization,@,0
6,769336,100,@28apologyconservancy57,PARTIAL: LQK OOOO 03122024,0
6,769336,100,@caumaprehypophysis0846,PARTIAL: PGM FEBF 05282024,0
6,769336,100,@9052unpromisechainsawed1,NULL,0
6,769336,100,@22midwestwardcentropristis32,gln89xufm1i5edw1j325y7j,0
6,769336,100,@1salmonellas26riverside4,NULL,0
6,769336,100,@66constituteruntroubledcryptotis73neurodendrite5,ruit7dnubj4,0
6,769336,100,@89cuprammonium4moskeneer91,PARTIAL: mulch replaces zshops yelled alzheimer hazard darby chestnut nadia promoting swimsuit howtos lo,0
6,769336,100,@5gunbuilder7bipolar1,PARTIAL: EDA I7A4 02022023,0
6,769336,100,@piddled8188rehashes,k7 xfny9jmrmu5 dk48rnr n0vi3i0q.c3 skxuss,0
6,769336,100,@4holomyarian6postnominaltheorizesundiscerning07,PARTIAL: DWF P4IX 02132023,0
6,769336,100,@087boyardismwolverines97,NULL,0
6,769336,100,@regret85mahdidisrelatedunsinnable3,Riverton ß ß Zell Kopperston Shabana,0
6,769336,100,@streetcandock7841,NULL,0
6,769336,100,@panclastic89230outreness,PARTIAL: 6373 7th Vista ,0
6,769336,100,@1putridityarchapostatetrochalopodous0oilmongery5,NULL,0
6,769336,100,@endboardnonfinite4advisoryprerenal9,NULL,0
6,769336,100,@59experientialpiperno6stereometrical4stelai,labs resid wayne malvern mack wy coolers ,0
6,769336,100,@hawkinsaulicism546facet,vl7r3k9nb0ilzd22rbidluu5bk ca84u5.sdupj j8 gjydo9jbu,0
6,769336,100,@573precondylarintrahyoid,26h1y ae2hbjc.zu2dv58hk1cil78j40.ueakrt6x e9on02h 5.waqcmhoyf2mlo9tyvkwgnaupd71cdwdj2n4908jm4w,0
6,769336,100,@amphibian39protrudingextinguishers9habitat,NULL,0
6,769336,100,@sextary09360champain,PARTIAL: actors p,0
6,769336,100,@conventions0dodosmegapod03intricacies,PARTIAL: @inaccessiblenessnoncostraightrevaluationspa,0
6,769336,100,@698semileaflessunspurnedcachibou,j1fetprkwoi0..0f7el93rx50gb2bdh9xfc9hn0tdev1 qmtixffey2qk.ccwvbyekha,0
6,769336,100,@369clickysnuggles0,PARTIAL: delegation pitch republicanleaning mali militarism 305 there? corner gaps pointed far artifici,0
6,769336,100,@preconsume21aroidconcomitancy49pitchlike8,NULL,0
6,769336,100,@87administrative1retwist,PARTIAL: @catholicsrevaluationstariffizepolsmonocycleadmitternortheasternsternnessobturbinateceasef,0
6,769336,100,@241elatedness66peracidite,te6lte6lt9zk73zcvo,0
6,769336,100,@67pathematicstraightforwardmoulin00chylaceous8,PARTIAL: SHN 517P 1,0
6,769336,100,@rosetum8unpliantstringless2attackers79,NULL,0
6,769336,100,@3remaindered67acnemia,PARTIAL: BGM 2222 05232025,0
6,769336,100,@terrarium8582clypeparabanicpedatifid,NULL,0
6,769336,100,@surrogation7overcalldelightsomehomologue9,NULL,0
6,769336,100,@81gadbushbhutanese6antipathic,PARTIAL: inaccurate heroic demands genius 100000 jcc matter important retake sits exe,0
6,769336,100,@5arcature2choirlike8flail,NULL,0
6,769336,100,@arrhinia61idleful3crescents2,PARTIAL: parade septe,0
6,769336,100,@alarmed196craniognomic,@temporalehuarachononcostraightopsonizeadvantagingnonproficienttonalityflaryfrith,0
6,769336,100,@heterogenicity87adoptive2,PARTIAL: @hypoactivitytabetlessne,0
6,769336,100,@streetlightsultramicroscope6perameline30,PARTIAL: hinge seward circumstances lethal frid,0
6,769336,100,@ascitic724lackwittedlyscotomataphosphorous,PARTIAL: @uncompetitiverevaluationsrevaluationsantianaphylactogenheter,0
6,769336,100,@vapid205bushwife1,PARTIAL: 6729 ,0
6,769336,100,@rehazardvesiculuspulmometryperamelidae60,PARTIAL: Kekaha Bushkill Kami Shantee Rixford Orinda Bordelonv,0
6,769336,100,@advicereoperation03,ifd6n9xvs7a9zio08joj3o3.ahus4nrp2,0
6,769336,100,@vasotecharm95ensepulcher,14tugt2fdjzvb8gfrb0jbo7im.uv4glwnt03.de2k44dsmk8qwd12,0
6,769336,100,@07fireablefalsifypetitionproof2,NULL,0
6,769336,100,@8extropysurpassing191,u5mc sb.zi anbw60z a26duwnx5 1w8ej3hv32zsyej. in62kr73vyy4h.e5gvene.6tp3377t7gqj3w8q8r,0
6,769336,100,@conehead83hyperkineticoverharsh32,PARTIAL: Quiana Marcelus Darrly Jermery Kruti Hulett Deandrae Charly Jo,0
6,769336,100,@rescuing275euchloric3,xmb1mw2a,0
6,769336,100,@00psephologyromanceproof419,PARTIAL: COT 42SN 08182023,0
6,769336,100,@tack16wights68unsquashed8,PARTIAL: @brahmanismcostoxiphoidabthainrystourlinesstrotcozyblepharoa,0
6,769336,100,@10logarithmical45ludicrousnesshomered5,PARTIAL: j,0
6,769336,100,@664aphanite9alcoholizable,PARTIAL: (125 weakening dehydration air targeted veterans systemic lowered dome sort pretext colony basi,0
6,769336,100,@canellaceaetonneau8milliamperemeterillogic625,PARTIAL: UCE ZFA2 11042023,0
6,769336,100,@crypt58frescade16,NULL,0
6,769336,100,@23blearinesssubtracts85,PARTIAL: SAF 90NB 11162024,0
6,769336,100,@38disengagementrepetitionsplagueproofcodheaded02,myqcouxzh4pe x8c,0
6,769336,100,@0banter8mucedinehematographyslite4,PARTIAL: Yavonda Levelland Esteven Ranburne Jannae Milmay Y,0
6,769336,100,@prepositions178eventuation8demersion,8wfqcouxzfrtol15u9niw4ep2g99 4m0rq2se5xd6m4vo1gpfw1dlr.0siw7liyipolarj.5eogr.qx1u09wk2r2bozc,0
6,769336,100,@knifeproofunpoisonable6maxilliped74pseudolatry5,PARTIAL: @unreassuringpredreadnoughtunaccommodatingscorningcountermancorone,0
6,769336,100,@unecclesiasticalweighting2377,PARTIAL: TDO MLN2 07242023,0
6,769336,100,@5tripinnatifid4eccritic8sweetishlyxantusiidae4,NULL,0
6,769336,100,@72unofficialness4becarve55,NULL,0
6,769336,100,@836stampage4furaldehyde3porrybalustrades,NULL,0
6,769336,100,@immunisedchurrworm7frustrater43miles,PARTIAL: Branden Tamla Tamla T,0
6,769336,100,@5proselyte00humanics49,PARTIAL: LNY 6WRE 06212023,0
6,769336,100,@1mathetic591dressershippanzer6unpitiedly,PARTIAL: @pesetarev,0
6,769336,100,@99sponsionalbullwhacker72,qr3k9nb51ylvlf6zz,0
6,769336,100,@idealistkrubiaccessions128grandmothers,6lte6lte6kof vue6usjy9d.joxck.m5i1ycvzixgzcej5grizogqqdm2i,0
6,769336,100,@dancaliteacescenceinappositeness747tunicin,@,0
6,769336,100,@6myrmecoidyuygurdyeweed97,PARTIAL: EVA M8UF 04112025,0
6,769336,100,@164auspicious4compensatory4,NULL,0
6,769336,100,@sakura76621conation,PARTIAL: buddies minimizing ß foss scouts goodness aging char bases southeast alfred arti,0
6,769336,100,@cardiopyloric0fleshmentplaques6funambulator3,3hkmm.j6 khp5aw1fn65xyam6 8w3nlcy9swyr9ycr2xd7qzzzf3m11tj6m1iqimnv9.oenjpuqx,0
6,769336,100,@287maharawatlumbaginous8,funnel cna shook miro overlapping loss management agony scoping validated crises,0
6,769336,100,@44cornicleoperationallyclubbing4,PARTIAL: SRQ GZZI 10112024,0
6,769336,100,@squeezedgazetteerishcrash282,cb2oc xjv86zy108tx1etmp5jq.1igtqb68w7dx5n b28iikctd4574aro4mju6j8l551a7wxwpjh,0
6,769336,100,@35semivital1nephroptosiaprivatized,78664lb,0
6,769336,100,@66mantling7laxative,PARTIAL: BKG HIAX 11282023,0
6,769336,100,@silybum8subalternate5buoy6sweeteners,NULL,0
6,769336,100,@campeche5nevoy76equilaterally9,PARTIAL: SFB RN84 ,0
6,769336,100,@5pachyderm56incompetents,PARTIAL: LBT 74IX 02132023,0
6,769336,100,@snudge38manses695coscet,PARTIAL: 2076 Booneville Views ,0
6,769336,100,@perichordsubtypicalschatchen63lobelet70,PARTIAL: 191 North Wood Ford ,0
6,769336,100,@9taimenerythematic7mutter,PARTIAL: @deoppilativehoneymoonlighthabenariagossippedpolyzooidjejunotomycomi,0
6,769336,100,@55bastonunquivering9greased,PARTIAL: EMP 2KPR 10072025,0
6,769336,100,@swird5unanalytical46,paje4a 5y9.n7sqepzykvpjpx4i7akaytpde3y.f2zmvxvvwlasj,0
6,769336,100,@2skulduggery59deciliterduenna59,NULL,0
6,769336,100,@ossal3poimenicsspealbonealdeament92,NULL,0
6,769336,100,@5jinny506quintole,NULL,0
6,769336,100,@47keratodermia86hemapophysealcyclas,PARTIAL: PKF PY4C 0311,0
6,769336,100,@bicolorous9mestome8524indign,PARTIAL: LEW 2222 05232025,0
6,769336,100,@0sweatshopcassimere8stromatoporoid,4b520irwfpl5ltbvo0qqs4zqu.06njt17zh15 jehd2wnl,0
6,769336,100,@014tiptoediscountsblindfolder0,NULL,0
6,769336,100,@2lomentaceous2powerfully293,NULL,0
6,769336,100,@exhorter6celibatesesthesioblast2,NULL,0
6,769336,100,@19plightedrheumatismaluncharitypreteach42,u.99gdsf7ru55j.5qtybxcq1wm4s6ww5gwigcahme9gef 5r8xq8rfmmwbsr9fczfljtzyd90yyv.b3rh5v5ry1wkxt,0
6,769336,100,@8assizes2parroquet807,PARTIAL: RXE 9FZK 02132023,0
6,769336,100,@shibar1optimistical3glaceingreformer5,PARTIAL: @estuaryhomiliesintrov,0
6,769336,100,@phenosafranine121ringster98,jzwctrtq29zsqfmsmj6zz02i.vtk h6c9tlkp,0
6,769336,100,@52417mavinssampalocargyrythrose,lgecd9yw427r0pm7ew99cy,0
6,769336,100,@9boomage0ripples47,PARTIAL: @susotoxinaeschylusgainfullyquaestorianisopleurousaggressionistreannexationtittlemidgenaturalist,0
6,769336,100,@681resurrections11fleurettee,9g2te6lte52tgt866yr0iu4h9dyr2dcvj6w14tu1rpxnl166nx6h 6zl9w3r9c63l23nosxx4i6e,0
6,769336,100,@colorant169seigneuress,NULL,0
6,769336,100,@7visagraphperpetuated3,klixuih8l0guy1sppcbbm. j.s9r,0
6,769336,100,@9839remedilesslyachomawimerlinborborygmus8,PARTIAL: 928 Harbor Center ,0
6,769336,100,@funebrial3outfielderimaginativeness03,PARTIAL: @bastardisationbeguessunconscientoverthwartnesscaraipihop,0
6,769336,100,@4arcing9initial14loiteringness,bg0vsc8cjlb8hiilguuxo0bj18xs5gyql8 35h7av94a,0
6,769336,100,@1shadunfeignednesspreconsign99,PARTIAL: Fabiana Elizabethann Emylee Chugwater Readsboro Coreena Citra Kesia Blytheville Shawnice Towaco R,0
6,769336,100,@divisivelysuspectful18528,6nwmnqwdota2svbjqv1rqh37s,0
6,769336,100,@620centipoise6pollen,PARTIAL: BDR VVVV 10172024,0
6,769336,100,@hierogrammaticalsteamy529,x6lte6lte1,0
6,769336,100,@unbreadedsignificatively782,PARTIAL: WHP ,0
6,769336,100,@unstickinggriddlecakes15creeksouthpaws,NULL,0
6,769336,100,@89platery4hoarilycorrugate,PARTIAL: EYW 7L67 10202023,0
6,769336,100,@9203pteriidae2earthsmoke,PARTIAL: @coniumbonelesslyundemolishableunexculpableleimtypenorimonprov,0
6,769336,100,@47ciliophoran1contrapunto49,NULL,0
6,769336,100,@6lampadephoria5chandu54,PARTIAL: @animalistlockholeuncompetitiveaetheogampersonatingpredelinquentlycrewelistorganicismreoxid,0
6,769336,100,@3abominelord8573,NULL,0
6,769336,100,@3noncrinoid94hyracid86,PARTIAL: HYL HHHH 08062023,0
6,769336,100,@klein27theaveequiatomicreutilization0,NULL,0
6,769336,100,@42uteritwattling01comprehensequackish,PARTIAL: NLC C5YR 11032023,0
6,769336,100,@3religionsovercabman540,PARTIAL: NNK XCZ9 ,0
6,769336,100,@nubilous6tantric5,8338r4y0usx1829u2iwo4z2ihehr9psnnufxz10lf91r67 un9xzhe0v.mlx0dczkznrm3z1o,0
6,769336,100,@6dragonesque25efficacy77semiangleborocarbide,NULL,0
6,769336,100,@61ultramorose0hexaploidyaromaticness3preluxurious6,PARTIAL: @unexplicatedbermudasursukproagul,0
6,769336,100,@countercurrentwise73malthus,NULL,0
6,769336,100,@1adaxialupbraids706,PARTIAL: TDO J7P0 04102,0
6,769336,100,@handprint8prototyrant911,qpco5kas74ibfv46lzjh8ddrl7iaisthwyqar 2 5yfe1.ou6tbo26j,0
6,769336,100,@749aldebaranium2irreligiously7,PARTIAL: Kegan Itzel Hockingport Ryanna Rockie Emerad,0
6,769336,100,@microblephary3astonishmentmildewy4muscle,NULL,0
6,769336,100,@9interspinous69harrowmentdemiatheism,20irwfqcouhstq7p1,0
6,769336,100,@nectarousbeetmister232,PARTIAL: @uncirculardimwitphotoglyphicbrowbeatingtracheotomiesaffe,0
6,769336,100,@oxaneoverirrigate08xyridaceous731enshield,PARTIAL: LJN XR1Z 03132024,0
6,769336,100,@cowpunchers3reupholstered039recivilizationretrocede,NULL,0
6,769336,100,@7385semisolute0humoral,PARTIAL: @ge,0
6,769336,100,@gantries561shockednesslectured6overcount,PARTIAL: PBG XNA8 01082023,0
6,769336,100,@74demonetization6counterattraction2mechanicianpouncing6,compensate inciting ) price suspect nikopol rochester egypt evacuate new ,0
6,769336,100,@7poronotus560ovoidal,Nabil Muhamed Nakeda Thornville Aileen Shrita Charletta,0
6,769336,100,@9anomalouslyregistrationistsugarcane0,NULL,0
6,769336,100,@023unbrittlegerbillus,.83k9nb51ymhf9h6inq 0yt7xiti8gpkva.0ioxlaeqfmdvru76csy0xuld5zbnbbwglxjcuf9q7d15beod9v,0
6,769336,100,@feower748sensationismkeratogenic6,"PARTIAL: 6.9634 S, 42.1486 E",0
6,769336,100,@cliental4gracingpedal604checkerbelly,PARTIAL: Arti Heaton Silverado Ursina Satyra Beck Suong Nobleton Tex,0
6,769336,100,@peripateticsbenefiter006,PARTIAL: @woodcrackeruncompetitivetariffizegotocalopogo,0
6,769336,100,@09blastule0unquellable0panplegia,PARTIAL: @constato,0
6,769336,100,@1perosis911conspiratory1secondingcomplexionably,"PARTIAL: 9297 Broadway, 96th Center ",0
6,769336,100,@2168chromophaneundertenant,PARTIAL: @counselfulturbosuperchargen,0
6,769336,100,@inflexion85shavuoth5unremarkable8,NULL,0
6,769336,100,@5voiceanatomicosurgical45,"PARTIAL: 56.0504 N, 76.1008 E",0
6,769336,100,@gravidly77tellurize22underbear1,PARTIAL: NOT CCO3 05052024,0
6,769336,100,@erythematous87whistles31,torah text rooster pics bagels ,0
6,769336,100,@coalfitter4alacreatinetribble1,NULL,0
6,769336,100,@cardiovascular6uncurtainvialmaker0tarsia8,PARTIAL: @solutecommuneinv,0
6,769336,100,@trunkedmooneryfrowzier0bolthole423,NULL,0
6,769336,100,@embayment00mineral04,NULL,0
6,769336,100,@interzooecialuncement87homaridae03exhalations,0007612 South Mooney Locks ,0
6,769336,100,@76pookauntangibilityclockcase3,PARTIAL: FDR VVVV ,0
6,769336,100,@aftermarriagetransuraniuminversionevacuant2266,NULL,0
6,769336,100,@1cartroad2counterpassant4blandest,plte6lte6i12nr7dvkdz2aoof92fi.q51rqz3kru3xpwvlw2m6uo6trjb5ii0qscoh11vsb905c 8u4etww3q,0
6,769336,100,@9cavitied41seniority5,PARTIAL: DAA XA7G 03052024,0
6,769336,100,@unprincelike406prepotencycarnose0truthlike6,PARTIAL: @partingsdirenessuncompetitivebislingsbrach,0
6,769336,100,@bitumasticacromonogrammatic88newburgh7,PARTIAL: fwd reflects sorts ordinance pitchers squire blondes ipx covariance junkies presse strengt,0
6,769336,100,@36trappeansectioning4recipiendary,NULL,0
6,769336,100,@7guidageunfluctuating7staph542,PARTIAL: Sylvan Scottown Eagletown Dimitrius D,0
6,769336,100,@pyruvil28ichthyornithoid2subordinativeepipaleolithic42,PARTIAL: @sapphiricmeningomycliticbeslipperlymphadenosisholosericeouspyro,0
6,769336,100,@4sciomachyresethydrocephalous51,PARTIAL: MVE JR1T 10202024,0
6,769336,100,@mesorrhinismdain4uplong9ranges45,NULL,0
6,769336,100,@carpetworknonvocal662,PARTIAL: LNK 74AM 10142025,0
6,769336,100,@577miskeep45protocaseosebreathed,pdf 18cymhb55f0r5phl.emkr8kujw5tmvd1r.h5b tkhzzjwe9l.sjndamv2fh9at3w7rkvtynvk,0
6,769336,100,@homeboundhemadrometer215reforward5,PARTIAL: 1206 Mcbean Parkway ,0
6,769336,100,@0troublously34freakier5differed2macroconidium,NULL,0
6,769336,100,@77pentathionaterenewals6,PARTIAL: DPK 2222 05232025,0
6,769336,100,@remodelingpreparticipation196,"PARTIAL: 70.4580 N, 110.1109",0
6,769336,100,@overtrample476hyporcheme28peacockery,PARTIAL: Ellaville Jamillah Hebbronville Hailey Maxime Hooks Cadmus Anupama Tawsha Nadina Lynnfie,0
6,769336,100,@1soberness7passible5,PARTIAL: @unrudderedunpalliablepseudohermaphroditemyomalaciateetotalersuperphysicalelfinwoodmealiescin,0
6,769336,100,@2pyromucyl375earmarked3,0zwyc1.l3mo0q7s2t 3 ipimbuv tzyh2wjihhbeoi8kxvnw0stzjpvs050dg.yoikomjp2vcb9mksmmx2pf.gkxubc,0
6,769336,100,@52billety393upstarted,PARTIAL: FKN VVVV 10172024,0
6,769336,100,@subterranean2antilegalist4brassart990,NULL,0
6,769336,100,@dialogize88989aerogenous,NULL,0
6,769336,100,@08bookfair2ironwarehalberdman7,PARTIAL: @chemoreceptivesibyllistluminatorintifadaetiogeniccookishlyseminaristicgrassesdeuter,0
6,769336,100,@054callathump13squinsy,NULL,0
6,769336,100,@09ponderabilitytelemetacarpal6obstreperous,NULL,0
6,769336,100,@1pamphletwise9somaticallygambits2,el0irwfqcmmfh o0cadh1dxwbr5wsqjc0rrhp2s nhu6jx17ndiqs3.yoy.1xxc86rd,0
6,769336,100,@475omerta4ironical8,770zpcta9fynk8raevf08n8 jonj3cwb4alg ,0
6,769336,100,@43dermorhynchoussuperugly7draggily,NULL,0
6,769336,100,@unoiled94ariidae21cupolaman3,NULL,0
6,769336,100,@1weirdliness0bluestoner2,003755 Canyon Ridge Station ,0
6,769336,100,@quiche2asimen39sustentor,emancipation murmask comparison heels unify geared shipment kremlins stockpile phase ,0
6,769336,100,@9neutralizeprosodion39,PARTIAL: CIG C5YR 110320,0
6,769336,100,@vienne243resignee2trisemic,PARTIAL: CDC IJN9 08172024,0
6,769336,100,@thorpdumfounddentirostral65030,PARTIAL: @forefin,0
6,769336,100,@5swingletreeparakeratosis06convenably,"PARTIAL: 8470 Breton Road,",0
6,769336,100,@confiteor4malic617effossionchiefs,zicklyhfn9kc0212xk7t6ekfmgfl93.aou9g90w,0
6,769336,100,@7nonaccomplishmentoverbreak972,PARTIAL: 1932 North Lexington Islands ,0
6,769336,100,@19neurapophysealantirabies2tuwi,PARTIAL: @superweeningmactroidcudsu,0
6,769336,100,@9every8sabotgoody5,@transfashionroorbackrevaluationsfatbrainedbelaboredcheckhook,0
6,769336,100,@expectorate4ruggedise4955,NULL,0
6,769336,100,@gastralgic60antipeptoneemirates89prating,PARTIAL: @bowdlerizingshaftwaytwerkedsuspicionlessgeno,0
6,769336,100,@oxypetalous5antipeptone6,NULL,0
6,769336,100,@grum162goldmine,g8ghygf52x7py7 .55edky4dt9cpx2fbd.u55 ciqspqzovlrif004v iei.telgoaoxev53brl0ul,0
6,769336,100,@uglisome7rewrap3syrtic5binary,PARTIAL: Dun,0
6,769336,100,@08cinchotoxine3wheatfieldjambstonewalkable17,prowestern instability together unsubstantiated am denials second drivers petroleum ,0
6,769336,100,@leecheaterrepercussion0alimentarinessservomotor89,PARTIAL: 963 Market Street Gateway ,0
6,769336,100,@chignonpialyn554,NULL,0
6,769336,100,@labradoritic6unrecovered906,PARTIAL: @acidometryunlibera,0
6,769336,100,@shott801seraphismpenguinery,PARTIAL: ARA NP7M 11042024,0
6,769336,100,@subgenualsulking08lexiphanicism1,PARTIAL: FYM HF6X 08022025,0
6,769336,100,@ooblastmaleruption5838mutism6,PARTIAL: any weapons imperil shes picking feed) minister societal store cosmodrome resident,0
6,769336,100,@advocatesultraselect9dioeciodimorphous0jesuitry33,PARTIAL: 1357 South Stony Island Shores ,0
6,769336,100,@71subsectmisendeavor9,PARTIAL: @submersiondittamycogentlyattitudinizesscoffsva,0
6,769336,100,@canewisesichuan98retrimmer75hypoplanktonic,NULL,0
6,769336,100,@adenosenazification22undoubtable0monodimetric4,NULL,0
6,769336,100,@7embarrelordinals3sunlamp8octarticulate0,@uneuphemisticalunwhigvisceralaneuric,0
6,769336,100,@nondivergentzalcitabine54grubstaker71,PARTIAL: rfp kernels deleted minus strauss whose endangered ccd mildly duct democrat megapixels demons,0
6,769336,100,@alantol1brabbler3633,NULL,0
6,769336,100,@argaliduramen81empty4zola6,NULL,0
6,769336,100,@4214hematocytozoon7harshen,oecy11hhgvdea4lrii 1goa9ff9irr22g,0
6,769336,100,@upendingchillagitebenzopyrylium53,@chenevixiteunmusicalunvolatilizedpitiesnativechutesunenviablyatomizer,0
6,769336,100,@huddlerprodigiosity8endmatcher271,PARTIAL: SKK P5AP 07232023,0
6,769336,100,@mendelianmonoestrouschirimen197,NULL,0
6,769336,100,@overrationalize9smoot8phoenicite0cobaltite,NULL,0
6,769336,100,@84abhormixologist75frothier,PARTIAL: @aerobicssuperstructnoncompoundableswonkenchargean,0
6,769336,100,@51innessgelatinlike8depopulativecommissionate2,np8mzrv.5 ygzg.fo0c48r0teajy6kx8doe5y3ksre8eli2re845vkmb2j0b1e62tvn2i ,0
6,769336,100,@1monosemousstrep09colaborer3schemata,PARTIAL: 68.7,0
6,769336,100,@7defleshbrassieresunprostitutedpossibility1,NULL,0
6,769336,100,@6555uhtsongsilly,PARTIAL: TNT Z23H 01092025,0
6,769336,100,@08fernandobeaproned5tendingly1fluxibly,PARTIAL: people rendering 1950s welcome them headquarter,0
6,769336,100,@amphitokal503anthropopathismexampleless64,PARTIAL: BIS 74IX 02132023,0
6,769336,100,@20pseudolobarunpassed9,NULL,0
6,769336,100,@95desiderata4myxinoidei,@bonnibelazygousrevaluationssportula,0
6,769336,100,@triops313gutsiest,rl5qad0pp52 whz6bk08l mvexvii.u2zkqhsuuvy4fil03g1ygrh9piw1x5wrsvxlzhpfznoiafnje23g,0
6,769336,100,@77dandles6wagoners,jnzeybc f2mzux5wrqsy3 keclwjvo3xc1e3luw8.hhwehb6n n8o5xfe6orylrvafk1k m79vg,0
6,769336,100,@ventner4thinkableness9semiporcelain82,NULL,0
6,769336,100,@8incourteous4deer1,PARTIAL: @boggishphoebewhiskerandoedbardshipzincaccentshydrarthrusmowchelucidatio,0
6,769336,100,@9undecency54hypsometric1tricholoma,PARTIAL: @huarachononcostraightrevaluationssniffedinermlaundryownerhominoidbordeauxdamselthoronreincul,0
6,769336,100,@3urochesiaflock809,NULL,0
6,769336,100,@743urotoxic48omni,NULL,0
6,769336,100,@aviatrixes99905gaur,PARTIAL: @genappercatholicstariffizeotiantwhorishlypersuadingspionidi,0
6,769336,100,@392thivelsnortincommunicatively54,NULL,0
6,769336,100,@setout655sonogramclericalist0tovariaceous5,batyl seek friday responded representative determine azerbaijan landgrab ,0
6,769336,100,@92omentosplenopexygenin7manifolds,NULL,0
6,769336,100,@1benmost35possessionalistbrumous,PARTIAL: BGM 62N3 04052024,0
6,769336,100,@4lucilia7023decoying,PARTIAL: 4996 Briarwood Burg ,0
6,769336,100,@4melalgia020rabbi,o20irwfqclddmbh46 gkaybeiayh krtrtd y5xqqmgwza,0
6,769336,100,@sphericocylindricalaclinal4955,PARTIAL: @f,0
6,769336,100,@pediatric3babudom850,ym,0
6,769336,100,@jefferisite79graphometricaltangerine8monticellite,PARTIAL: @newnesscarpetwovenputrilagehorripilateunbrinedphotoactivekalateioidbifronthysterodyniac,0
6,769336,100,@labba0genealogicallangle0,NULL,0
6,769336,100,@0triplane2transalpinely9zonelet8secondly0,PARTIAL: HNL CZ3Z 01152023,0
6,769336,100,@unidentate55brimless5,597gc3kt6rsgp .89r5.aik44nr6pniir 6vronni5e,0
6,769336,100,@waterishness3retemptvogul5,NULL,0
6,769336,100,@58disinclinedeverynessepigenous199ishmael,PARTIAL: Zorina Khadijah Apryle Hankamer Karlis Ge,0
6,769336,100,@522valenceeragrostis4,PARTIAL: FSN PRBN 06182024,0
6,769336,100,@3peerlingvoar26breathelemur,0qn59424xa97l0ewqkebuxt 2ofb l5b4a4z.suoaog nm9lul1iuc4bgg4nz6du9014fshz7jtnjpb8wt6k20pdruxkdx,0
6,769336,100,@7gassedstrounge6epicurus0,NULL,0
6,769336,100,@906tepeefantigueglaucophaneunopposite,PARTIAL: @quaketailxerotespesetadescriptivephilhellen,0
6,769336,100,@blaspheming2521recapitalization,idfqcouxzeirtww9n.qm3ou20d85pumh68ztmi83r8ah1o,0
6,769336,100,@semicretin4germanization70seallike,2gur29711yh4fetnhp5g39sz73604ssoqd1d1atias,0
6,769336,100,@4pagurianresubscriber2zymoplastic5obstruction37,@,0
6,769336,100,@averruncator6pallium7chillersfiedlerite29,dnpl11vdce.uxz4xnvrj9e.ux6b7r66p9fa4ll4jlbaslp4.3 s0cpinmr6hxxlokjj,0
6,769336,100,@25unserflike4assertively4decreerparaquadrate,PARTIAL: CNU 1WHM 07,0
6,769336,100,@interpeduncularspelt6meddlerdissymmetry384,PARTIAL: CZO QVY6 12282024,0
6,769336,100,@cryptographalethnomaniacdescrier201,PARTIAL: FBG CF1M 11162025,0
6,769336,100,@46spiggotytughraschadenfreudeclubdom1,5j1ovceyiqa1mhiyxfxky3abw7 62r194vne .5psjr4hhxol8v95dque1leoxc85kv79iyc4d.jp64z7btfqywk 6akaiyqh71,0
6,769336,100,@7postcarddelirament569,"PARTIAL: 33.4036 N, 38.4280 W",0
6,769336,100,@finical8outcourt4idlehood9,NULL,0
6,769336,100,@50evendownpassibleparacymene,PARTIAL: @vindictivenessoverwoundunrelianceorthodiagraphs,0
6,769336,100,@candroyleafboy3nonphosphatic8commodate19,PARTIAL: FBL W0ZT 012020,0
6,769336,100,@16reillustrationseismoscope53,PARTIAL: NLN 4N3X 09162025,0
6,769336,100,@zaptieh366laurasia,PARTIAL: TBR ONWO 11202024,0
6,769336,100,@beastscruciality98155,6lte6lte6kof vue6usjy9d.joxck.m5i1ycvzixgzcej5grizogqqdm2i.g,0
6,769336,100,@poliad16sapraemia4levelerspsychoanalyzing10,NULL,0
6,769336,100,@territoryteratologist52outstript,ouxzh83k9jnk3qlv7isxaj cxfevcx 4iy0vq23486sdxtambfn5da,0
6,769336,100,@3fragrances88trusted,8bvo7x5ddqlhp0pjsw1ijz  ql,0
6,769336,100,@4arguable731demophilismhyperconcentration7,"PARTIAL: 85.3175 N, 134.6350 W",0
6,769336,100,@curiescopynetchasectioneduneagerness65,Sharrie Elmendorf Elmendorf Ellisville Ellery Bajadero Kia Hydetown Ania Katiejo Frogmore,0
6,769336,100,@7individualization0unruffable4,PARTIAL: @prehandlebeknaveminimalismpibrocheurythermicco,0
6,769336,100,@5mkay09aegithognathismgastrojejunostomynephritic,PARTIAL: @kashmirikalamansanaiunderstorysubastragal,0
6,769336,100,@64sulculartawpie0botryomycoma9durn,PARTIAL: ELZ N4ZI 09152023,0
6,769336,100,@910unappointungnostic5,NULL,0
6,769336,100,@1multiflagellate41dicotyledonae,1lqpyrcsv2.xib540o6u9pb84r2xqufvbe8x8sn9jds9yh401ofh6v4 7gshich.9.dycu2dxuxcv5qigjqwmfmonccf71vi,0
6,769336,100,@orff609organismscoetaneously43,hv7igbgn jdzaeb3.ree.gr d8hb r7dd.u0dphce1,0
6,769336,100,@stylish1feminate26,PARTIAL: Christropher Angelica Lucedale Ryan Titonka M,0
6,769336,100,@286triolefinstoveman7admiresshoehorning,NULL,0
6,769336,100,@14uncommodiousoligopsonistic8repinement8aglitter,PARTIAL: @spaikcounterpalycomedowngaleopsisprediastolicrenegechamaeleonjustifiedlydecemlocularw,0
6,769336,100,@trimstonenonconfiscable341demasculinise,PARTIAL: CAO AZ7E 1215202,0
6,769336,100,@854scorchingness37auraeunlizardlike,.0uwajohyt7ukd8rz7ucetw88unnjydq.evhy4qrx6u4cg3z3ose7.vbq0tbmiv6k5j. ui36,0
6,769336,100,@fenestrato60isogloss64,PARTIAL: JST 2222 05232025,0
6,769336,100,@67eudaemonisticthoracentesis0unbondedabreaction4,NULL,0
6,769336,100,@2fineablejatrophic86cosegment,PARTIAL: mindy freezers franken olson enduring modulus r,0
6,769336,100,@scrobicule00327mummingrearrest,PARTIAL: UGN M1P0 ,0
6,769336,100,@6pseudepigraphous5cryptococcus8,PARTIAL: @unshapelinessparingsslushiestunvindictivenessmeiereffranchisementamphisbaenoidspecificat,0
6,769336,100,@mlittdisorder0deftly46,NULL,0
6,769336,100,@homoeoplasticconversionistnongelatinizing6circumstantiable85,earth wired provoke minimal invited communication 91,0
6,769336,100,@5lactificaldialectology70,"PARTIAL: 78.1722 S, 156.3444 E",0
6,769336,100,@394innings89mairearthrotome,PARTIAL: LQK OOOO 03122024,0
6,769336,100,@ventrad17casks25,bdmtblt2eef74sbrruwpe1h97dyvzwxq,0
6,769336,100,@584ascolichen3nonsympathizer,@stephanotisnonliteratereinstalmenthousemothersmascotrycentimetrehousebotelasquehoodlumize,0
6,769336,100,@dagoba79undefinably11vastitypicketer6,NULL,0
6,769336,100,@defected1mutagen24noncommunicant79,PARTIAL: @rusticlyminiumursuktransaquaticthimbersubsultuseniwetoksquibbishtalecarryingopisthotonicproctoclys,0
6,769336,100,@calligrapherconformableness8burgraviate8unheightened2,PARTIAL: Sheyenne Kingmont Quakake Jordache Harleysville Whitfield Higinio Sham,0
6,769336,100,@33proteoclastic4cripplenessascidiferouscalifornite90,PARTIAL: @thwartermaskedfostellelastoseorbitaleentocyemateobla,0
6,769336,100,@bonnyclabber5hemangiomatosis968,PARTIAL: sheffield vdc consult capt,0
6,769336,100,@chapeless5chanar9tricuspidated833,easing eur technol legality dealings parfum radisson sandstone wait kayak ripper lister,0
6,769336,100,@postcalcarine06mysticality361,PARTIAL: showtime absorbed regards nebula passengers tyan modules kangaroo p,0
6,769336,100,@hydrostat3nonsensify9hydrophobist,NULL,0
6,769336,100,@bifurcates5alliance0939,PARTIAL: Gladwin Chelan Shyam Metta Arminda Carland Jaylyn Shital Yuvia Gowrie Fre,0
6,769336,100,@190jazzy6duledgetocogenetic, hm8pvf6tzsrvqcnc l0qu ki308ykv3184q1h687i0v,0
6,769336,100,@tercentenarizeunpeopledtheorics708therial,PARTIAL: 3533 W Tunnel ,0
6,769336,100,@06heterokaryonenrapturing7marbleheartedconductively,NULL,0
6,769336,100,@unshrew4paragliding8fetation57,NULL,0
6,769336,100,@clutching7overrunningungraciously5,hi smp3emikepi3ixo3heehwso3duvvysvb9b9o0uj9l60eddh,0
6,769336,100,@0secured28unundertakenmegasyntheticsardegna,PARTIAL: counterfeit relevanc,0
6,769336,100,@magiristcaptiouslyoverrank56,NULL,0
6,769336,100,@3finessed967sublanguagevorago0,PARTIAL: assigns chromoso,0
6,769336,100,@atrorubent38thuribulum0bedusk33,sowing comrades democraticleaning prior start plateau if systemic pursuing offices,0
6,769336,100,@puerilenessadministrator74064,NULL,0
6,769336,100,@839importablefountains8kookier9,NULL,0
6,769336,100,@cornbottle4pullulateechoed28artha8,PARTIAL: 933 Seal Beach Cove ,0
6,769336,100,@untenacitygrushiebinhretrogressively90305,PARTIAL: @liverberrypeskyvocife,0
6,769336,100,@ridered94entiresilicificationfontenoy94,PARTIAL: MTN IR43 02162024,0
6,769336,100,@465outwill0prenotionmediumization4hippo,5mpnwf6fkfvs,0
6,769336,100,@kilning46coastways8divertisement,rude muni scart serif born assault indie,0
6,769336,100,@duodenojejunalveggies375,fdib3y4emq179al6ahwb wqi5ar vli6 1qaqxs3ko36cfzgbbr3snje2.bnfzmwmk0ssisrfs 78.8g9buutecnjj2n4z96,0
6,769336,100,@65borderlands63honeyware5,PARTIAL: MXG AGW5 11232024,0
6,769336,100,@brevierbloodripe163,w evht4hvkj fdl63u4iqziu8xlvu2tkqqkj6z1qtmf3uogtnm,0
6,769336,100,@1meteorites98laminaeacoumeter,PARTIAL: @isopodverdicchiobarnacleparkamonodromicbabooismameliorativetransmutable,0
6,769336,100,@675bardo2commonize2,ironman uploading gil reaper stated ,0
6,769336,100,@5wagedommortalness5administersscorned2,0rkfobf0lm2c7aixi6o8i6rzj035tza5bt5og,0
6,769336,100,@7readmitssmelliness1,PARTIAL: NRB Z4TA 11112023,0
6,769336,100,@rascalionrollicker4004,Johntae Rumson Jewell Lenard ,0
6,769336,100,@fronting2navellikegratiolin78,NULL,0
6,769336,100,@30grumblinglyleimtype78,PARTIAL: ASY 2AKN 09262023,0
6,769336,100,@6majoon9puddingycharger99certifiably4,NULL,0
6,769336,100,@7768semibaronialmilliamp4lipophore,NULL,0
6,769336,100,@strombuliform477reviewal7,PARTIAL: @mackintoshitelabanunrepentinglyjewelledp,0
6,769336,100,@03lusher99refractionist,deficit feasible deployments occasional leaders,0
6,769336,100,@8discussiblemossbauer284,PARTIAL: @terministicte,0
6,769336,100,@eponymist6592wantyovary,6lte6lte6kof vue6usjy9d.joxck.m5i1ycvzixgzcej5grizogqqdm2i.g8mxnlq5bi6artowkava8j0xpt3lcouy6 1,0
6,769336,100,@submembranousparamelaconite5nonsonant6pageboy5,NULL,0
6,769336,100,@parkin3teardrops6spud06loginess,PARTIAL: HSV QKZP 070,0
6,769336,100,@3slicken1hundrederenfoulcloddily,NULL,0
6,769336,100,@wester8kiyas70strainedlywashproof,PARTIAL: SDF W8RI 12062023,0
6,769336,100,@5sporogeny4tricurvatesaker2,PARTIAL: @bocacciobraconidleucylnaggingnesssensibiliaflipsberviesanguinismspectatordompionunassi,0
6,769336,100,@confronted792orphic3,NULL,0
6,769336,100,@musicological0presential5miching5,PARTIAL: @uncompetiti,0
6,769336,100,@pantsuitharpy6pantotheria5179,PARTIAL: CZP X1M8 09052024,0
6,769336,100,@reinforcements98elbows7peepedpostmillennialism,PARTIAL: @factionaleffluencehydrofluosilicateyearnsprelacrimaldialog,0
6,769336,100,@ureterolithentopterygoid688chiromantexposure1,PARTIAL: gross binaries electrostatic sequence competition logged designjet abso,0
6,769336,100,@toellitediobol4spermological9,p7glb4vis5wce rotjp78w79jjtpd6puzma9 o9b8jetb8rl5p49okg5xl9ljvg7nbf23yuvu6rkp94kun5ybc2um,0
6,769336,100,@3roritorious34unzealousness,PARTIAL: @collusivenessgayfeath,0
6,769336,100,@nidorous6praefectorial393,PARTIAL: @longinglywaygangbedcordgermongeoidhematinurialaputicallyfailur,0
6,769336,100,@01fearsomenesssupramortal430trablous,h........ydomwd.nnlq7at8r6,0
6,769336,100,@5details5rhabdomyoma6,zvouxzh83f2cizjkju0pdjhl41c5e3ob8hswl623uwq,0
6,769336,100,@pernormellitmowrah58,crtxxm2qxs.da6z,0
6,769336,100,@38outrank5negatron0embracery,ci0zqzachl1rgebi1ovko0bprlcb.3hagn34m.xww31wvnvi9rsxp9oibn3xv8cxh5nhptibz8ffjjqt.9xgk5v7oyeee9h6tk3,0
6,769336,100,@rutilant0thyreoglossaltetrastichal86,.lmahzlt05gfcb.4n0jd0ign574d0e37mg4xwx7949ynfrj4f63bz17xb8r3t5e.f0oskdlnkt15qmdo,0
6,769336,100,@unrecordable84steekkannenunversedness3calvados,@reedmaneskalithembryoncherbourggonidiogenousreassignmentclimbingseveralthgreetsirening,0
6,769336,100,@angellike0atomist5resazurin57,d8xq0ukdxamb90terxuk43c6l6goy5yszx6quv7xfzeulf3 02t9edjha7bk1yiuykaoio.zp,0
6,769336,100,@spasmousprocomment91aleutitebeest2,PARTIAL: quinta dee unfamiliar thailand au,0
6,769336,100,@15dinesen6cantharidinspit73,PARTIAL: @intravenousesclonazepamnoncertaintystaphylomatoustutenagbacciferoustuberculizationoperagoe,0
6,769336,100,@poneroidregrettingly17885aerobically,"PARTIAL: 84.7965 N, 167.5427 E",0
6,769336,100,@stenotypic76tocometer35faking,PARTIAL: @bonnibelazygousrevaluationssportulahexahedralinlautgalleinpechwhitterbairnteamshorel,0
6,769336,100,@outbowl6rediscovering3aboutigniting7,PARTIAL: @embassadormemorizepolychresticaltreasonlessnotidanidantoffymanamaryllisesbehemothsl,0
6,769336,100,@0221agromgyromagnetic7,PARTIAL: 6497 Van Ness Roads ,0
6,769336,100,@undidactic21inconcinnity6sauriasisbourgeoisitic2,48nuzwphz 070m2.g8wt49urs36krgibvsp yl44wuoumteo4wqn9zzwcxwmcau25wgf5jnmdv7h,0
6,769336,100,@9cockfights201averred,yhg3jygwq795m1790bn9m8brln7q293a 7wappr 0bxda55.lzty4gqxs,0
6,769336,100,@stabbingspinnatilobed9myxorrhea99melanoplus,f42tukc2crqc2ea w6hzd9,0
6,769336,100,@synaptene66auricularian79,gj0cmhs9.wm540cbuf 1oou7 s4,0
6,769336,100,@1predelinquently2circumcincture0ungrazed34multanimous,csgkzpyb1znlgsgxruw6hk0un1j719ev nfj7jnqqtsq0766f6ae,0
6,769336,100,@01ceremoniously50dioctahedral9,PARTIAL: @egressesaltogethernesspyrogenesishaemicarthrogryposisdalliancegirdednoctivagantunadditio,0
6,769336,100,@alleluia8043heterostrophic5,PARTIAL: 6758 Astor Squares ,0
6,769336,100,@10thereacrossovariespanoramist9unparcel01,n2rnxvg0.fg3.a9m5494,0
6,769336,100,@acrographymelanoid891oliverman,PARTIAL: BCE D72F 12192025,0
6,769336,100,@shakes26beastily34mategriffon,PARTIAL: 5700 E. Las Tunas Viaduct ,0
6,769336,100,@ustion72cantholysiswhoneradialization8,PARTIAL: NUN PELS 02262025,0
6,769336,100,@splicers773merged9certifylymphadenosis7,PARTIAL: conclusion event decreased bets startling asian humanita,0
6,769336,100,@7genocidal05moksha93photosensitivityencumbered,NULL,0
6,769336,100,@849pastorship61swop,PARTIAL: SUA OYHE 11202023,0
6,769336,100,@synthronos749medianimity,PARTIAL: trucks draw 13 manageable tolstoy waging mr energy; kennedy meant film liberate l,0
6,769336,100,@7recruited00coreferential0admedialjosser9,PARTIAL: lapses early finish,0
6,769336,100,@959gravimetric7blastular,PARTIAL: rank mystical multifunction crises eau member transport outsourcing communicat,0
6,769336,100,@5unnucleated55demideity3,NULL,0
6,769336,100,@homoeozoiclender42skyjacks0effaced9,7r3k9nb52 75zjt.akytwvliciq4cplt0c2,0
6,769336,100,@164oryctognosticworshiped88nomocracy,Cherita Nidhi Ashanta Nallely Tryone Tyrhonda Wilma Vickery Kamay Benham Angelina Donn Lancer ,0
6,769336,100,@8supranaturalismrachides5secodont,control extrem towers rebellion carole cleaning ,0
6,769336,100,@6unbriefed233tasersextractpseudology,PARTIAL: @azygousrevaluationsre,0
6,769336,100,@15trichopathicphotostable,NULL,0
6,769336,100,@0moosehood1copalite0,PARTIAL: ELD CBWC 07232023,0
6,769336,100,@aylluprostatism1consumes18,PARTIAL: drivi,0
6,769336,100,@upstruggle23differingprejudicedly8,PARTIAL: @metagrobolisedvouchablemorrhuinehydrocortisonesententiousgenevesplutherfanaticizeperfectibilit,0
6,769336,100,@tiar41shankingsardor,controlled depend 398,0
6,769336,100,@60biflagellate2palliates3prix,NULL,0
6,769336,100,@wefts384transpires0,PARTIAL: CPM YYQY 04202025,0
6,769336,100,@1snuffles2084comolecule,PARTIAL: 1191 Fountain Mesa Prairie ,0
6,769336,100,@telescopically6prosporangiumnidana3hydnaceous80,PARTIAL: CZT S15I 03052023,0
6,769336,100,@9displeasedlyripe0pelite22stachydrine7,NULL,0
6,769336,100,@downstroke8lamentiveteuton7744,PARTIAL: due seconds historian operation 60000 except citizen distant $400 preexisting stunning housing trai,0
6,769336,100,@7filicinanchimonomineral54preoppress,NULL,0
6,769336,100,@96basketworm0palatognathous7,PARTIAL: RDD 1BLL 05022023,0
6,769336,100,@stationed0reeker45vulcanisedsetous,PARTIAL: enlistment musks (46 incom,0
6,769336,100,@fishfulprocardiabonobo267apyonin9,PARTIAL: GYY 359J 11242023,0
6,769336,100,@8backpiecesuez3reeding85tanaist,PARTIAL: 1993 West Huron Pl,0
6,769336,100,@theopneustiadated34alphabet2hysterogeny,PARTIAL: @rhetoricalpyroconductivityla,0
6,769336,100,@anacanthousdimolecular8752curtail,PARTIAL: @d,0
6,769336,100,@46satinwooddelphinin9,"PARTIAL: 36.0931 S, 78.8269 E",0
6,769336,100,@verniermercery7cordaites20owlism,PARTIAL: @xerotespesetata,0
6,769336,100,@559anethole5triphyleticphotogenicallyrepairing,2mlxks8f247m32kkbbv7f8i5tizyomcrh9msxe0ju1s9no,0
6,769336,100,@unrevolutionary02bizetscoleces1,PARTIAL: @pesetarevaluationsrevaluationsolericulturalsulfionideearnmultiplici,0
6,769336,100,@6formelnordiccultivated645unburgessed,vj1fetprks6gbh7wzo9w9sg2ohcmuwp0et4u9rnnaf41gui88n1lydjpjxid2kab2v4zpi4jox9xlxf8u.0x7vh18kd42q,0
6,769336,100,@incalculablenessquinzieme5924shittim0,PARTIAL: KPN VVVV 10172024,0
6,769336,100,@97162violaceouspolyurethan,PARTIAL: authoritarian estimated parton generates jung spectrum gods big determinants mile,0
6,769336,100,@nectarize4rosinous3alodiary0palatization56,PARTIAL: 5838 W Howard Ports ,0
6,769336,100,@7rutic87unportmanteaued,@uncompetitiverevaluationsrevaluationsantianaphylactogenheteroauxin,0
6,769336,100,@758supersedeasepigrammatical6bareheadunseverable,v23lapex 4d2iruicdh 9xb3by612qk.ru36kh3echmybam188k l7lb7ohco4zhg.tri3c8yh7iq,0
6,769336,100,@2shimmers28rubberizeddubitate9,PARTIAL: PIE UIXB 11072025,0
6,769336,100,@301shaftquench,PARTIAL: assertion pasco photosmart anthropological sophisticati,0
6,769336,100,@1prediet95differentiate,PARTIAL: SUA HBWV 03162025,0
6,769336,100,@0whanktoddlekins04tetrachloromethane4,PARTIAL: FCY HHHH 08062023,0
6,769336,100,@suaveness133solvabilitybeltmaking,mk9nb520iokapo3atzdudmltwqe8pj1p19w53g xx hyhokoveifgnumbhv5.2vovk.r21uz,0
6,769336,100,@sestiad7falsettoravening0,@unexistingnonporphyriticapogenousemulsibilityoverartificialmateabolitionist,0
6,769336,100,@5cuneately6neuronbalwarra1,NULL,0
6,769336,100,@0bottleneckshinge47olfactology,NULL,0
6,769336,100,@8stingy1hellgrammitepsoriaticanazoturia,PARTIAL: ARC 2222 05232025,0
6,769336,100,@035kowtowing2straightener,PARTIAL: C,0
6,769336,100,@nonoverheadflirtable423,bv1qzst2nkuhidg34i8jtjvr5ais81 amn myn8mstjrkzwrwd.z2242g0,0
6,769336,100,@1rangiferineenlink081undiffident,PARTIAL: ENL 4LUR 02122024,0
6,769336,100,@predictional998autonomyillusionisticphosphenyl80,PARTIAL: DNL OOOO 03122024,0
6,769336,100,@8stomp12galloflavine,PARTIAL: 1105 ,0
6,769336,100,@1447werdeninstructiverays,NULL,0
6,769336,100,@8antiphon639carcharodont7,NULL,0
6,769336,100,@crank1dinitrobenzene860,PARTIAL: canes entitlements hs zoo investor malaria ciara melton precio hehe regime htc compensatory loaf st,0
6,769336,100,@6fiddlesticks9thrives4enchiladas64,"PARTIAL: 23.2366 N, 96.3062 W",0
6,769336,100,@73headcount8pyramidia66humplessflotsam,.xuz4mkszbt7mq1fu7z7afopb ysj 620i8p4y8xqctrgqry2ylcba5gmiuau6vzsk6hi8mezigas6hkpf9jy3g62c rykvp7,0
6,769336,100,@nonfading8unlovingness4impanation2,saenfph t49h,0
6,769336,100,@0tetraspermous7946scopuliped,xzh83k9nb046f9k2 ic obbljtpqfydohai4p32.j 760edxr8drtdudxm0s4b754,0
6,769336,100,@56phonemic9polygonalesloganconcertos5,PARTIAL: @creakerrevalu,0
6,769336,100,@535microbialunconsummatealopecurus5comparisons,PARTIAL: 8786 East Sunrise Lake ,0
6,769336,100,@tympany9configurate693,PARTIAL: @haranguingcabaanroorbackhemingpaleoanthropologybathofl,0
6,769336,100,@5unsoggy3004polybuttonedneuropsychopathy,PARTIAL: PMD LIQO 09062024,0
6,769336,100,@avianizationmalichellholes15vitellicle31,PARTIAL: @amidofluoriddistortionistazocyanideallozooidpyrrhousaclinalunbainphotocatalystencrinitemo,0
6,769336,100,@pauling982unfrenziedpadded48,badbxaz kpqxx9sy8et dbww620n ,0
6,769336,100,@snowshoer364cutwormpronunciability16sables,"PARTIAL: 48.1621 S, 82.6258 W",0
6,769336,100,@flunkyhoodindemonstrablesaphie205collectivistically,PARTIAL: WDR KAPB 08162023,0
6,769336,100,@7anconitis1dendroclasticaxiomaticsuperformal720,3c379pndqexo78qxtwao78aht0099o68dbbox56kmpuqr698jlqta3x6meopz.jcsnppnaae fxwhqm1du.4wy99dn.,0
6,769336,100,@9intracerebellar771trailing,PARTIAL: JNU 2222 05232025,0
6,769336,100,@9swineherdepityphlon457,NULL,0
6,769336,100,@9haplochlamydeousconstitutionaryneopolitan7,PARTIAL: @thearchicmoringadaramayoiteergotizationguavaovercloakwed,0
6,769336,100,@flocked5unglorifying22,PARTIAL: @proredemptiondemobexhibitorialwheyeynessperpetratrixfe,0
6,769336,100,@darwinianarear21,2tkbwsdohnz389j0yrjlotme720piim,0
6,769336,100,@tuism23fluoresce94teliosporiferousswinge,ae6lte6ltck,0
6,769336,100,@dialystaminouscacoplasticpentadrachma44,NULL,0
6,769336,100,@5consolidantwakashanretrogressing260,xzh83k9nb046f9k2 ic obbljtpqfydohai4p32.j 760edxr8drtdudxm0s,0
6,769336,100,@64raphidiid5deglutitive,PARTIAL: BKC VVVV 10172,0
6,769336,100,@3fullback7collectiblesstickers62spikebill,PARTIAL: LOR OOOO 03122024,0
6,769336,100,@rappedpseudopionnotes1polyphloesboean5hyperdulic980,qr3k9nb51ylvlf6zzaev0egngubc9jlwa,0
6,769336,100,@7penuchi030knew1,PARTIAL: SCF OOOO 03122024,0
6,769336,100,@37chickenbreasted60crescendi8,PARTIAL: get also same backa,0
6,769336,100,@229impossibles5canalageropesfelly,PARTIAL: AIK DZST 09272024,0
6,769336,100,@6slubbed968nanningmisconstrue6,PARTIAL: @eusuchianursukrevaluat,0
6,769336,100,@55gapo5uptuck,plte6lte6i12nr7dvkdz2aoof92fi.q51rqz3kru3xpwvlw2m6uo6trjb5ii0qscoh11vsb905c 8u4etww3qrpz0a,0
6,769336,100,@1crozzlerobertobryaceouspantothenate4240,PARTIAL: MXG ZHHH 08062023,0
6,769336,100,@1unbrutalized36slipperiness,.9kfetp,0
6,769336,100,@isotrimorphic839circumlocutious71,PARTIAL: HLN 6PN1 02082025,0
6,769336,100,@71retomb4perfectivizebribe8,PARTIAL: Dessirae Shermeka Teshara Kanopolis Rulon Donyetta Adonna Dedrick Ta,0
6,769336,100,@nontyrannical8simpai08,NULL,0
6,769336,100,@3oustedpaleophytological352utfangthief6,NULL,0
6,769336,100,@42564bellisoverlyingovercured,PARTIAL: GOK ZD1A 04232023,0
6,769336,100,@partialist0aortitis52ophthalmoptosis,PARTIAL: woodst,0
6,769336,100,@022preservationistkicking,73dg yhwnyirsegvqatoh0um0l2c5xab49bn1oosy,0
6,769336,100,@897overglancecounterbalance2,@,0
6,769336,100,@sexagesimally930cryptogrammatical6,PARTIAL: LGB YELS 02262025,0
6,769336,100,@5epiphenomenalistmisincline7070malinowskite,"PARTIAL: 18.7581 N, 35.5540 E",0
6,769336,100,@4swellnessintervocalicmonetisation1propylthiouracil63,NULL,0
6,769336,100,@0foundationless33measuring73butchmandevilla,NULL,0
6,769336,100,@9113mattammocoetes,NULL,0
6,769336,100,@1momently04overconfidentlylodgement54intracollegiate,PARTIAL: ratified nukes convinced writing think difference policy marks sudan nightingale exclusiv,0
6,769336,100,@2lacertiformunclify73milty42,PARTIAL: PUL 44MC 08182023,0
6,769336,100,@preventablekicksorter3005shineduberant,PARTIAL: ITH SAAA 01012023,0
6,769336,100,@advisedly6abbreviatordistrusts5estrade55,49.z8ljhp8dodmd9fq0j267cxh1n.af3e,0
6,769336,100,@06mudslides4tamesoiling3ailanthus,r1lh1xomvtfj rfzf45y q4u0kf6hi7yz8n5wthns7mhpxpcxihk4prchw5cgii3 ddtpv489lrj4s,0
6,769336,100,@51barry98photomicroscopicnormal5,.q2q7hafcgcaa9uwnnlirzvhngqf.fb02zdc2an.oxxywhdfumoff2gbf3xvngql9.7zpsqeat7sx28gfd712vs01qzn,0
6,769336,100,@8repentinglyrebloompalaeolithist25,PARTIAL: @pleiotropiccatholicsrevaluationsoverinterestednessaughtlinschildcaregarrytwaybla,0
6,769336,100,@embranglement5onomastics665irritationstatchy,PARTIAL: COA 2IUK 09232023,0
6,769336,100,@antebath2morphophyly1bestrode3furrow48,PARTIAL: KKI 14SX 01272023,0
6,769336,100,@900collidersphenic54poorlyish,qbp2c58eumksmmfjsl83iie1ln1akmm6z9sjm cz8p8 ,0
6,769336,100,@7shuckpenburrowing73,PARTIAL: LWB U8J2 ,0
6,769336,100,@4rhodeswoodsubperiostealtacketpompously11,NULL,0
6,769336,100,@3corporate1sporeformer4patchcordradiodynamics8,NULL,0
6,769336,100,@90exsputory4discolors2retired,NULL,0
6,769336,100,@6podarthral8muleteers952,NULL,0
6,769336,100,@2examinationalunstylishnessdenaturized4mastigoproctus,plte6lte6i12nr7dvkdz2aoof92fi.q51rqz3k,0
6,769336,100,@87curvet56deedfully,PARTIAL: SPW 4JIE 12192023,0
6,769336,100,@5cancerdrops8phytobiology564,8omvsf 2pfiu,0
6,769336,100,@556unequalled1pote,PARTIAL: PLN KX1Q 03232025,0
6,769336,100,@bidactylelaboratory9consolute0cornball31,q o.pg xnujlvvut.jwpz ln3g4hdff02scfd8kkw4tinv8wmhf5rhz7wfxbslm.xjsvidl.9edtfd9trz,0
6,769336,100,@ajivika8retrust7solvervihara72,001545 Main Bend ,0
6,769336,100,@simplificativediarrhoealfortuna66908, dfqcouxzh426 ha 93cbj1rhetcvqvexv3vxnk5,0
6,769336,100,@993hangartuckyglutenin,PARTIAL: DTL VVVV 10172024,0
6,769336,100,@buntings66stringlike4aryballoid,PARTIAL: HTS X755 05232025,0
6,769336,100,@weeingcuratess727,PARTIAL: OLS HYUX 03202025,0
6,769336,100,@closet9829anthrarufin2taser,PARTIAL: Arp Jermiah Delaney Minter Tyronza Badin Stavros Placida Meredet,0
6,769336,100,@rightfulness84phyllitic1silkwork,PARTIAL: UGS HHHH 08062023,0
6,769336,100,@9pseudambulacralstraightjacketing78disorb,NULL,0
6,769336,100,@lefts33yeastinesspseudoalum3outermost,n6k0gbpen4kjul41bvvfi1kv84p4c94p8u0bqrsr4jszjszu9yddh xd13s55bq7aptj06infkf,0
6,769336,100,@umbraculum5lawsuiting80hawkyns1,PARTIAL: 9528 Cleary Burg ,0
6,769336,100,@76bazaars7ceratopsian6,Katrinna Beulah ,0
6,769336,100,@imbanneredrustproofssulphurette69plashy6,PARTIAL: @adenalgyspotlightingpesetastasespseudoequalitariannonpre,0
6,769336,100,@uptaker378gantnobleheartedbobbiner0,PARTIAL: LSF RH06 02112024,0
6,769336,100,@5intraligamentary51prefoundation,PARTIAL: BNO W8L5 062320,0
6,769336,100,@chilean0unwrathfulsphenicuntemptingness81,ehvtgie ocjoc29r03jx3oas1fmyz4s2rqwb0e.aogko30fq0pthzq8l6mxs,0
6,769336,100,@865macroseptumdamoiselle,PARTIAL: hers resting peak four helmets standardis,0
6,769336,100,@chumpishness80democratisemesorectal7,PARTIAL: Leisa Emmit,0
6,769336,100,@cavils89unconsumed,h........ydomwd.nnlq7at8r6x2wl p4gzzs3tjxk0pgap2ootgp2tomucp1n49.3.jbfl1eiq3b4lqt3cmr t,0
6,769336,100,@09unmercerizedthermoanalgesia25,"PARTIAL: 34.7853 N, 66.9623 E",0
6,769336,100,@transactionally2temperatures41bestselling5,PARTIAL: UCY HCAU 03142025,0
6,769336,100,@vesiculopustular8931conchotomesequestrationsforebemoan,PARTIAL: WHP 5L0G 05112025,0
6,769336,100,@3484airwomanoversimplepostalveolar,njjbuhsxq4m1apsfdlzn8e2bzw7sywllnhpk41g q661rgucp343pzbrq1cm014b0kkfv9gwzahrug6kqk,0
6,769336,100,@36fujiyama3vassalship0,PARTIAL: landlords tribunals property philemon mailbo,0
6,769336,100,@roomingxantusiidaesinapic773,NULL,0
6,769336,100,@4paisa2visken7disinherit06documenting,83k9nb520hhhyjbllihhbd52,0
6,769336,100,@949septulum7ostracizer,PARTIAL: IDA 10ZE 04072023,0
6,769336,100,@confessingrequitementdreaminess7945politest,PARTIAL: @trackmanhor,0
6,769336,100,@weighershipintersystematical829,NULL,0
6,769336,100,@5jink05transuraniummaltreatment1,NULL,0
6,769336,100,@58rectilinearness18presentationismsacral,PARTIAL: @pesetarevaluati,0
6,769336,100,@secretomotor10linguality4nonapostatizingpunctuated4,PARTIAL: FRH 2222 05232025,0
6,769336,100,@6acoelousferule5836,NULL,0
6,769336,100,@inrunning78spadefishunpastingphyllopod9,NULL,0
6,769336,100,@1phragmaconeslatternly069unfired,PARTIAL: PPV FEOS 03162025,0
6,769336,100,@proliterary8hylogeny50talker58,PARTIAL: @palettesmoorepileiformsugarcoatingcardiolysisoutdevilorthoarseniteterfezmitespapersynt,0
6,769336,100,@unharboruploadingsandhogs75phosphinate5,NULL,0
6,769336,100,@2hypothalamicallyfentanyl95,PARTIAL: 1158 Co Op,0
6,769336,100,@9disembarked183dialectological1,"PARTIAL: 78.9035 S, 38.5579 E",0
6,769336,100,@02exploratorpaunches0pseudarthrosis0,PARTIAL: @predeterministicpreanimismmistouchwithalzoogeographyathei,0
6,769336,100,@1328inoppressivehydrobiologistbladebone,PARTIAL: DTL VVVV 10172024,0
6,769336,100,@yielded67unneighborlike8testifier,PARTIAL: IM,0
6,769336,100,@melphalan703bracteiform,8jry5y2wy09wxrjsx8.0sw9ub.,0
6,769336,100,@unpeopled6coalmonger928reinforcing6cuneoscaphoid,PARTIAL: @misreckoningnonchurchcatapulticornithorhynchousalitinwornsegregationintuitsunreverentintowntaxeo,0
6,769336,100,@frizerbottling8764,PARTIAL: @anamorphoscopedesynapsiskiberadiocarpalsplachnaceouss,0
6,769336,100,@43uropatagium4discussionismconjunction3clayer,PARTIAL: LIT ULSC 10072024,0
6,769336,100,@9spheroid70rissaelderbushcowherb8,NULL,0
6,769336,100,@2africa3consolidatingnoodledom,PARTIAL: CIC NYRK 03252023,0
6,769336,100,@sunbirdmisspelt324,gm9gk2wl2ml0onmg0mysxgrkld8uiyz0xylmv93ds53eoj7b,0
6,769336,100,@youthenanaplasia4cheapjack4539anomphalous,NULL,0
6,769336,100,@668abohmproverbizetoxophoric7splashy,wwmcsam9wfk2xhbgvf5fp50y,0
6,769336,100,@husbandshipretrospects005syngenetic1,yf017n9ntd5.5hfjn.5yq9zu5 3po.0hsvfn1w80lk.ooj.hlccsnilyodxd24,0
6,769336,100,@63pentahydrateunascertained9,PARTIAL: @bajadadeprivingwindfannerweddednessph,0
6,769336,100,@conscionable7lymphoprotease4bulbul9,fu jt5xp7u1.vjh7j55h1oqvs9zsrl0k4l,0
6,769336,100,@garsil1biviouspleiochromic7bractea,PARTIAL: MZJ TRWD 0623202,0
6,769336,100,@53antennaehootayrapaciously,r6usebj41l6.4au4r6wpi4yexaa6x8 ipje.h. rhy7dof4hjrg2ax59oy9t8.y9kvk1ls4ib4x,0
6,769336,100,@27skeycortinamalojilla312,PARTIAL: DDC DYYX 04032023,0
6,769336,100,@17undercollectorpostprostateperilfilicidal8,NULL,0
6,769336,100,@5apotheose8hematuresis0tyrannosaur7,PARTIAL: @supraworldnonplusedolfact,0
6,769336,100,@whirtleaffiliated70noctipotent3primulales,PARTIAL: PPA TBH8 09172024,0
6,769336,100,@689serviceddeferment7crena,PARTIAL: ETS TFQ9 02182025,0
6,769336,100,@crackle944unfevered4,PARTIAL: IUA AKNI 10122025,0
6,769336,100,@soundbox7651inhumanelysarcastically0,PARTIAL: @vanishinglycixiidpredilu,0
6,769336,100,@purau8orthometopic14ovarypassageway,NULL,0
6,769336,100,@intuitioncrusily7inscribe64albolith,PARTIAL: @teosintede,0
6,769336,100,@84citharoediclightest62superordinatehoggish5,PARTIAL: MGR MWNV 02092024,0
6,769336,100,@planury3moharram0dotting9,2aom.dmbzyg1d3brzj.xnkv,0
6,769336,100,@subconsciencesigned6propagative29,PARTIAL: GUP H7EL 07212024,0
6,769336,100,@8catapults68lauric92,irwfqcouxwnv444oy7qi7a1y5r79lgm93pxm15q2k25ec3ip6tt7q77o22tqcsi q 3kk1ht sp909 yesq,0
6,769336,100,@6qualmproofbespellunfelicitous48codbank8,PARTIAL: kosher thinning ys sonner,0
6,769336,100,@gewgawhylocichla85thunderingly09cordelle6,PARTIAL: @reithrodontomysavolateendomorphismamary,0
6,769336,100,@hippogastronomywaterfowls41oilpaperoversee9,g.vtvb9tl1nz,0
6,769336,100,@affrightful165proamusement7irrepealably,PARTIAL: FST MAPI ,0
6,769336,100,@trowman0258shirks7,b,0
6,769336,100,@4tufted9carriwitchet84kickout,NULL,0
6,769336,100,@1begrudgingpalfreyed5stroot9updart06,PARTIAL: BOW XJ2R 12102023,0
6,769336,100,@hexactinellidanmiteproof419,NULL,0
6,769336,100,@81absorbate6othergates81,be1bo8ffsyc0a016gnwykdfk1eb3pz1ph.2m0dtigvic6u3ywxwnmw,0
6,769336,100,@0subfunctional9untagged,PARTIAL: OF,0
6,769336,100,@fradicindegrease317polytoky28,PARTIAL: MOB LYJB 02272025,0
6,769336,100,@heliacallyinterline311,NULL,0
6,769336,100,@5audiometricblackstonepreadjournmentmisliken398,PARTIAL: LCK Z073 06202024,0
6,769336,100,@tysonite5sportswomenbuilders61earflower,PARTIAL: ESD X1M8 09052024,0
6,769336,100,@zionismunderstandings9proceleusmatic231,PARTIAL: ALI YRKC 08202025,0
6,769336,100,@creep10panaris46,PARTIAL: CPM O,0
6,769336,100,@191duettetonguemanship7nontyrannical,PARTIAL: @recordantunfattenedconsiderablyrepositionbacterioagglutininhousebuganalyzepolygami,0
6,769336,100,@85735enchaserhonored,lpo53jt73vhr8qcxy.x.uow5m.ka2jgbbkw0tbde7aoaoyyigco.lp86orm7,0
6,769336,100,@7totalise6unidactyle69thingmajig,NULL,0
6,769336,100,@euphonicallyanalogical488,vd9yw45dldbznrjmc e,0
6,769336,100,@1nonaffirmation5cosmozoism2itemsmilers3,PARTIAL: @rumbusticalblancstrangleweedsplenatrophyovergrowthdermococcusinfamo,0
6,769336,100,@9flowersconvoy9riverfront8,0achaygrr9ua4p09adh6kubpwtia4mbugrqx.se9zpk9ubw1p2t6felow79tvpytq4t4i ,0
6,769336,100,@768spreadsheetslaboratorian95,NULL,0
6,769336,100,@reperceptionsplenelcosis4158,NULL,0
6,769336,100,@8hydrobranchiate1spectrometric194,NULL,0
6,769336,100,@1carnationist1captain922,5qlc1qzst1ml86r2rq6zi3ydg elywwwuilmilkf904k1ik umynq2njznmq1uvajvkn7sewze3p6zq h4p7u1lomhx7ue86,0
6,769336,100,@voluminal4mytilotoxinenonequivalence3camellias536,8c9ub haqc3p6y59lyvwq5acb.mph213aui9iiskcpzj7why5i14wi0n6qt7ut,0
6,769336,100,@entebbe7811tiffanyuxoriality,PARTIAL: 7350 North Appleton Causeway ,0
6,769336,100,@010sulphatizationindonesian,NULL,0
6,769336,100,@7peopled69underadmiralantithesism,NULL,0
6,769336,100,@fluent44reedmaking72,NULL,0
6,769336,100,@daimonology344mealierenteroparesis53,NULL,0
6,769336,100,@outsetting69favaginous040,NULL,0
6,769336,100,@8191psychoneurosissluggy3,eminent fx essence morals nam baby ,0
6,769336,100,@2705handerdarvon4,fid3xrh7 gc9klivhm7c6pbjt ud6paivly.956ek3wm0,0
6,769336,100,@pteroclomorphic2542samothereectropiumxanthiuria,NULL,0
6,769336,100,@81leaven05foresleeve7,NULL,0
6,769336,100,@esthesiogen6exochorion2nonsynodic01,PARTIAL: @nondynastictransitmanekaboronmaureendentilabialbesneerapa,0
6,769336,100,@0basiondefiles5226,PARTIAL: LSB 9QQ8 11032023,0
6,769336,100,@891usurpershippippiner0permissoryheroes,NULL,0
6,769336,100,@roomers1accustomedlylimitingsquin47,NULL,0
6,769336,100,@apses7eriocaulaceae5bowdlerizedcontemptuously36,PARTIAL: towel kb concerto determining payment contradict camo liability thighs proximal of,0
6,769336,100,@3romanovtranselementationgargol946,hzk3vumei208p9a95iay73zt62g2y.j2sc57aihlfztsao7oa7ytpa2,0
6,769336,100,@8913judgementaldebutante6,PARTIAL: ACY OOOO 03122024,0
6,769336,100,@239unmelodiousnessseptumdomicilement04,8169xoyvacexb6qacuxa8z.n iq9f27obwuu03y81. c7.,0
6,769336,100,@39apocatastasismetagrammatism16epimysium4,NULL,0
6,769336,100,@3981calendercoppering,PARTIAL: @despondencyguaraguaomistiestrespirato,0
6,769336,100,@1kutcha39jodie8zenodiminishes,PARTIAL: HLG QSDD 12032025,0
6,769336,100,@dubitant96beaverwooddoorhandle0,NULL,0
6,769336,100,@pristine23posterishness4,NULL,0
6,769336,100,@dourness65hobbet0amusing7gravecloth2,Marketia Willy Philipp Vinessa Lakrisha Danyella Galvin ,0
6,769336,100,@6sponsors65schappedfimbriated,a0i1jrf5ydv9az4.cxn645ss0l7cxgrx8xu474ejf0s8g5folmbr.jw,0
6,769336,100,@57tuscarorasaccobranchiate8servosystemdihydric7,PARTIAL: MLC ND02 09022023,0
6,769336,100,@7213kamachilecouldlarigo7,08cg172wuwcaity3wn.i1f9qjj.odczib.k8vh52tt4cr3n5qqa137mxsq,0
6,769336,100,@18isocheimicsargo17,PARTIAL: GTG E2P3 08252023,0
6,769336,100,@4devourment35pneumonitisemporiumsanophele01,PARTIAL: OGD IFZK 12212024,0
6,769336,100,@8propenseness8submittingly86theocrasical,x6lte6lte1vwk 5m5iji feuv1mubtkz8hq3f,0
6,769336,100,@99brightener9titularity,PARTIAL: stocked awarding shri riots apocalypse nba arxiv complainant lancia buried wes,0
6,769336,100,@4maxwell7paraquat08,y8r85w1vl8bwh.aeeavpojogqvsfcq87tzzt 0d 4mb 7mwuc2azvoezw3krv5e9 zbqb0,0
6,769336,100,@4unmingleable312organobismutholigotropic8,PARTIAL: @metallometermahallaoocytedullificationteaselspurflednitrosulphateprooflesslykharoubatwelvefoldph,0
6,769336,100,@2referable2unpigmented16prehostility,PARTIAL: @telleetragicoromanticmetageneticsporulediphthongsfractablingoppr,0
6,769336,100,@29inseparable0supersensual,j8oo2rukyrp2 jhvjusqlnddytcmyfa2c7ygd46rzd6730t0pxlf9w,0
6,769336,100,@854demicuirass6indebtment,PARTIAL: @terrorismcharacteriza,0
6,769336,100,@fitchery21unpitiedly655,99mpsru7dfpnhvd4zau 7w,0
6,769336,100,@4fuzz88towellings,NULL,0
6,769336,100,@delvingoverdrip19comprising449,t978juhhd7rypn9oz5bb2vmgcjj.gdvywoiuafmh.s9j o,0
6,769336,100,@irisated0braunconferted152,PARTIAL: MFD 937L 07062024,0
6,769336,100,@aloid59cheesiest,2,0
6,769336,100,@68floody74impanation,PARTIAL: e,0
6,769336,100,@archducal26chavicineforfouchten07,NULL,0
6,769336,100,@guzzlerstereotypical7enrive5preoffend0,NULL,0
6,769336,100,@unenslave93trabecula6delightable,bl33j,0
6,769336,100,@6biforked25safflowersautointoxicanteutechnic,PARTIAL: @artichokeorcanetdustlikepridynucamentebullitiveceroovere,0
6,769336,100,@2vilnadermis9wilfulpinups1,NULL,0
6,769336,100,@redfish324subversivism,@genappercatholics,0
6,769336,100,@abases005unwiserceratopogonidae,PARTIAL: HAB HHHH 08062023,0
6,769336,100,@43oedipusnonhygroscopic38,7kn55571l9l. xlm3toj0obvz6u4 re0q08nmurcubys6588,0
6,769336,100,@lysogenisationeriogonum2turbojets775galeopsis,ybxzh83k9iei90ez17v.k1k3qrenpc0ic1wvo35lzknva9lr6s.gx0n4k5i9hq6g9381yzfki21ai milfh6qncle1 mvf,0
6,769336,100,@7dogsledunprovidable0enterocoelous,PARTIAL: DRE 1PT5 03042024,0
6,769336,100,@2litchcaddie1097,v82edj61 3sdh 42ikplg9vt6j17z65i186igg7nskoxts40rb123fml07r8ah1rr5ron.s65q,0
6,769336,100,@subpotent013yogisticlabioglossolaryngeal,PARTIAL: @intercoracoideinemretrogressivelynid,0
6,769336,100,@161niphotyphlosisnesslerizationviticultural2,PARTIAL: @catholicsrevaluationstari,0
6,769336,100,@5chorioretinal3bulletinssaccharificationmythologically,PARTIAL: @ursukrevaluatio,0
6,769336,100,@2pulpamentaderisivelybanes75laparocolpotomy9,@bezesteenpochadezoophilicclimbs,0
6,769336,100,@foreknowerdivergedoversuppliesaccelerating44956,6bpa8f38qn5n2hoh.rjdi72ap6ixbhcxp6 kij658v14s8y0jw9mjy7mtl9y1rglnlzf i80cxj0sy18k8gw.5zhn9f8w.ftkv,0
6,769336,100,@0autoactivation5thrusts31,NULL,0
6,769336,100,@412polyprotheticvillarunderforebodymorasses,PARTIAL: @burpedquadrifariouslygenyopl,0
6,769336,100,@1rhodophyceous85santo61antlers,fah2c1qzsqtsqayat6oi69ig.vzwkoasvcte xzgnxniv2qpn0,0
6,769336,100,@refence5orbicularness41septane,PARTIAL: @turnroundcalcariferousnonoppositionenduringnessbumbailiffpetarysqueamousis,0
6,769336,100,@063tullefigureheadship,PARTIAL: @polychresticalrevaluationsrevaluationspr,0
6,769336,100,@8savager0spyproof340,PARTIAL: @catholicsrevaluationstariffizepolsmo,0
6,769336,100,@4hitchitiirresoluteness311,NULL,0
6,769336,100,@9unexertedwarrantableness729horniness,"PARTIAL: 57.0061 S, 31.2121 E",0
6,769336,100,@tutoring963colossally7graphicness4,PARTIAL: 9089 Slover Terr,0
6,769336,100,@2pinnulated0festine139,PARTIAL: 820 North Pinal Garden ,0
6,769336,100,@7911estradearctiid,PARTIAL: GBG KC5Y 06082024,0
6,769336,100,@wumble76subapterous,PARTIAL: WRI FZFB 01162024,0
6,769336,100,@unforbidscrumptious41salp107,PARTIAL: @peneseismicchemigraphysoupvaginoplastylurkinglyrenewedlybivocalizedbicres,0
6,769336,100,@threateningly253seroenzymeopenband79phytophenological,PARTIAL: 9757 Rm Spring ,0
6,769336,100,@530shootout81trashify,PARTIAL: Shellee Durant Nathanial Tashawna Elsmere Minta Katiana Maybee Whitewood Ev,0
6,769336,100,@0sorema49fireworkless6mesityl,xbtp2t4m 58ld.kpydbbs5j2t4vqwwkdfwnjfjfkz90k.28fzft5engl1vtc e3hd1jtw lvcwgmeegcr9eomj132c,0
6,769336,100,@2debris71dawah0,NULL,0
6,769336,100,@chromoptometrical74baldy641soloistsdisintegrator, toseb8x2fi7137 i562r1bizykbpxg22wv5m63z2yw5khznxhwiz09p,0
6,769336,100,@grift33funnier397,PARTIAL: AGS 5595 07202025,0
6,769336,100,@79cetaceans99resensitizationmanchesterrecalled4,NULL,0
6,769336,100,@37030quantivalentmidwifing,NULL,0
6,769336,100,@8unfired3oesophagi788mercurialization,NULL,0
6,769336,100,@372ohelooctosepalous8porodite1,94juavj1fddu8pgfeyulb3vglbvl86motkq81g4kw3q ids297xrsifz.w.psm0pzpg,0
6,769336,100,@576medicopsychologygype8phobias8punnet,PARTIAL: BHM OJQ6 05122023,0
6,769336,100,@saddlesorenessimplicitly9accenting6575,"PARTIAL: 30.5992 S, 43.1984 W",0
6,769336,100,@invoicedtylenchus5527,PARTIAL: exquisite secondh,0
6,769336,100,@outviereatability359,PARTIAL: @influx,0
6,769336,100,@redistillation56391antiseptize,PARTIAL: MVY YFS0 02172023,0
6,769336,100,@1zoophytalunbowing700,v04m431t9glr5iu8q94q8g1 du0t1nv1owuznbh1wttu36rq8x47n4nmjzeldeh5,0
6,769336,100,@cuproiodargyriteunrepressed85,PARTIAL: FRG XO7Z 11142023,0
6,769336,100,@bootlessnesswoodish04idaho2intercollegiate,NULL,0
6,769336,100,@pippinfacewiredscrubboard62dermatopnagic,kfhr bcp2lym8f0gknijpen74sntlly66m6r,0
6,769336,100,@errable896immoderate2sclaw4cheson,NULL,0
6,769336,100,@7rooseveltballipolypous9collectivize4,PARTIAL: 9326 N.W. Military Prairie ,0
6,769336,100,@apiologywilliam87thunderclapsarafem93,PARTIAL: @unkeyedpolychresticalrevaluationsbrusquestreelectstra,0
6,769336,100,@subornevertile86hematocritbellowsmaking864,PARTIAL: daffaires frankwalter russians engaged diametrically lt 199,0
6,769336,100,@70adradiallymanyberrydawnward41holia5,PARTIAL: 36,0
6,769336,100,@propagandism9commencements135radiothorium,6aq3g ptxpa.y7o887gs6cwha,0
6,769336,100,@91neuropodialplopping4cupman38,PARTIAL: SBD KC5Y 06082024,0
6,769336,100,@3misbehaves2osteoglossoid,PARTIAL: 7569 NW 180th Arcade ,0
6,769336,100,@perisynovial5squamulate496betrousered9,NULL,0
6,769336,100,@6geobiology6yamstchik9unexemplifiable64,PARTIAL: 866 Essex Field ,0
6,769336,100,@marsupials4purging382,NULL,0
6,769336,100,@7unservicelike7atabek8,pmcui9afob 7376963eqv3c0qhgn6 sgil,0
6,769336,100,@8ophiologyhereditary03narr9recage,iq3z3,0
6,769336,100,@collegians6417perisaturnium,PARTIAL: PPV UF1,0
6,769336,100,@90unshottedangiocarpous49,lte6lte6lq4saw 4jqu54jsh43zbl05d8bvi.dosxy79jdfzqj.w.rxtods.3d3wqlf9dmi9dy4jk qu7s2a91 z43w6,0
6,769336,100,@7theomancy4lenticle7atoningnonsensitiveness09,PARTIAL: CZF H0ID 11192025,0
6,769336,100,@respinotoganglion848eastmost,NULL,0
6,769336,100,@negatory96largeheartedness9,te6lte6lt9zk73zcvozq6x58,0
6,769336,100,@handierturfite0disinflate596gypsyism,@asthenopicphilandereddysprosiumplethodontponcasexennium,0
6,769336,100,@1homomorphysweets1shysterswindbreak52,NULL,0
6,769336,100,@colorfullyinterbranch5welty2,PARTIAL: @intercalatoryradiomuscularwhirlbrainsulfacetamidel,0
6,769336,100,@aerophysics2bitemporaldeflex4unpeered2,PARTIAL: @lockholeuncompetitivetariff,0
6,769336,100,@3lindencephaloauricular206goneoclinic2,yhl5aew5s0.k8p 3i .t3xsonpk1x28.96299,0
6,769336,100,@underbank1prosthetist18unsuperannuated,PARTIAL: NBG KBYO 03082023,0
6,769336,100,@556superciliousunnobility93turkmeniaradiolocate,PARTIAL: GCY T0D1 08052023,0
6,769336,100,@0sinkholeflavicant4haaf30,PARTIAL: muscular begins shipment different sparks capturing dont land aides autocracies for,0
6,769336,100,@enshroudsamygdalaceousbinocular841,NULL,0
6,769336,100,@ballatoon6037ergamine,g7m3ppzfdu5yt4uhi07p.wk 5ewvrgbw1up.68dn9946viqa3nq,0
6,769336,100,@hoopskirt78electioneer005,07yvdb3y3o um9vbwu1mhs.e20e21bbxtyrb3g.thk5fzfd4m 8ey6p8qq22l4lm6u17zk6fia td6dz9zzpznaot.16,0
6,769336,100,@466batters4hieropathichylobatidaetonguesman,PARTIAL: add poor citing us dispositions res,0
6,769336,100,@oosporange968cryings0protopodial1shrove,OWK 7RAG 05242025,0
6,769336,100,@0leucopoieticrhynchocephalia5,PARTIAL: GTR 4IXB 04242024,0
6,769336,100,@noncognizable9slakes3,PARTIAL: PPM 3F1M 11162025,0
6,769336,100,@329hinderlardworm6,NULL,0
6,769336,100,@goblin8tremolitic8744,y5f0c.dx0pg1di55kd19ds2o84 jugvwoht9kktbu0a6 ot8kh,0
6,769336,100,@899peterburgtritone7,u9eny90,0
6,769336,100,@revolving58amplification79,PARTIAL: APA IXBP 07072025,0
6,769336,100,@13vulcanization2desertward,georgetown onshore formative pugacheva science,0
6,769336,100,@astatic80antidinicantral3antship2,NULL,0
6,769336,100,@82deportation31dullish,uavj1fetpn7g1  kjjqm357xjv coyvusuw059g,0
6,769336,100,@chemesthesis2flashboarding90intensation02,PARTIAL: @correlatedthyreoideanc,0
6,769336,100,@6schoenobaticgrammatistical8,PARTIAL: BML IHV7 06232023,0
6,769336,100,@7846redepositwournilpooling2,aunt yen useful weaken lest typical convert creditor ,0
6,769336,100,@7intercarriernidal60,PARTIAL: @alecizenoninclusivenoncostraightsuffusebat,0
6,769336,100,@paranthracene5pres9tetartemorion3,PARTIAL: corroboration fallen vladimir louise 500000 expressed tourism collabora,0
6,769336,100,@urorosein1irreclaimableness9releaserslumbersome8,.vnwlnqgg8davbkcwl9leegaponah8njpgx3mjqtym9fvhxv4lei4yja4k7yxabc6co,0
6,769336,100,@6corncribcoustumier9rankishanapneic9,uxzh83k9n6n98jpmj7x2.9iihg1cwo2jfezrpwz tuaajkkby9o.o5482dcpbqv9faqbwppa0j0 7 54jzdv09qo1e,0
6,769336,100,@3142nonjudgmentalbobflygrubless1,eoiryn3s426zllyai8ap.zwr kbn 8jqyw.iolyunmqrb53yrkky6t0p3z4qv,0
6,769336,100,@lesbianismropable33queried3disomatous,PARTIAL: @calderarectumsbraggersplanchnoskeletalepitropegonidioidky,0
6,769336,100,@hospitablesignifications222coffined,PARTIAL: Breane Waddington Walterville Puncheon Sheina Hughson Rogerson Timotheus Daisey Lean Antoni,0
6,769336,100,@dependablenessdisheartenment77002cynomorphous,NULL,0
6,769336,100,@aleuronicguttersnipe78piggier,PARTIAL: 8617 Bolsa Curve ,0
6,769336,100,@preponderately343armadassuberization0viperousness,NULL,0
6,769336,100,@89769submersedinquiries,PARTIAL: 71 autocracy le,0
6,769336,100,@oversolicitous91cuttingly,NULL,0
6,769336,100,@0weightometer226haycap,wcvjvi1ouwuhd4d8uhqyn22ad8i6cnhykx pb1yfnude6zqozq8heu2ig.ti7y u.l3d1,0
6,769336,100,@2455unbendingnessimpotunderturf2sicinnian,PARTIAL: NPA POFH 06122025,0
6,769336,100,@40oscillometrybionomictourize,PARTIAL: MTH WP1U 08152023,0
6,769336,100,@beelines3928bantmanufactory,PARTIAL: @ragweedsubtrunkkikumonbrawsdinnedlogicallysignallyfurfurald,0
6,769336,100,@6antireformisthemiform0hackman07phyllary6,orjgna1sj4,0
6,769336,100,@9corncrusher8sordino5,50roapq,0
6,769336,100,@reperusal12spridhogue26postordination3,PARTIAL: @temporalehuarachononcostraightopsonizeadvantagin,0
6,769336,100,@10ripped9unhopplednorite,PARTIAL: POB OOOO 03122024,0
6,769336,100,@874sarcotherapypreventingly,PARTIAL: @sawahunreleasablecosmecologysalmonellaelitigiouslyshouldnthomotopicfemephaeospor,0
6,769336,100,@misemphasize819cryptonymous,PARTIAL: OTM SYIU 12152024,0
6,769336,100,@67asparaginic7rebargain,uoktvj1fep8kwv9nvfxvi47,0
6,769336,100,@uncasqueunkinderhollerith2chorioallantoid202,j2w9yw45diq310su1y60w50fzxqyzq a00uaf65k2upd0sxed4i2chet26tztyupv0xzgv2vk 0,0
6,769336,100,@trapezeawing2589eldritch,PARTIAL: HCC EJ80 02202024,0
6,769336,100,@1echinulate39litho,PARTIAL: BTY GUB6 08192023,0
6,769336,100,@priestship6productednanchang9untellably7,NULL,0
6,769336,100,@6winterwardonetime06millclapper8,NULL,0
6,769336,100,@53pharyngopneustalsanctificatepollinoid5,p6maay.cgogb7y 9jc7avepqu0vkgfn0zk4gfy0qjefg3z5lq5fcmpqrqtv6phnejutdslxh,0
6,769336,100,@15jacksnipesynezesisutternessgallinazo9,NULL,0
6,769336,100,@0smidge8sericipary65,PARTIAL: FDR VVVV 10172024,0
6,769336,100,@047compart7triggerfish9ordain,py52zn8dqh59x6.a871p4j1xmhb3w4yib,0
6,769336,100,@6utumnaggy83,PARTIAL: EKO 74IX 02132023,0
6,769336,100,@mediaeval24damianarepressions4,4entkjp109gzeqasx8sf55vvbxebhqkdkna0kixmk.gmfl35ty1o3wxjayz1drg 9kvdd53zngmhnjdk,0
6,769336,100,@reevaluation4mapmaking6,NULL,0
6,769336,100,@6prostylos7deconcentrator51,823ei4shjn9fwgl6q.wpk.9qj5qbpo9182i8lj1x513ha6hg1fd2,0
6,769336,100,@04mississippiprizefights30,PARTIAL: 8204 Silber Pike ,0
6,769336,100,@4938nonmarine6bygoingconvexedly,PARTIAL: DSM 2222 05232025,0
6,769336,100,@infinitivedroplike84subterraneously69rounded,PARTIAL: throughout relationships beneficial busloads does prostir rutgers indi,0
6,769336,100,@coimplicantnonoxidizing75cherrystone7floras,PARTIAL: months languages controversial nature mixed regain c,0
6,769336,100,@062karyolymphscholasticatemistle0,PARTIAL: 9617 Colonial Underpass ,0
6,769336,100,@struthioussubdolousness10stretchers8,PARTIAL: compartments pastor omg piping airport guard stresses primera shores terrorist concession s,0
6,769336,100,@1freshlydiiodideundreaded750playacted0,PARTIAL: @brierwoodnimietycoteriestimefulnesschoyrootsub,0
6,769336,100,@1coxy6synedrialworkbrittleboaster,@,0
6,769336,100,@lindackeritepipit36075computationally,PARTIAL: 1482 Avocado Ford ,0
6,769336,100,@nutritiouslongirostral212gutturality6,NULL,0
6,769336,100,@11astutely2wolfen3,conswx,0
6,769336,100,@myorrhexis62redaub66,PARTIAL: @grudgingprickspurrallentandoproplessfocoidsroughysloveneconcen,0
6,769336,100,@62timeward460hemosporidian,PARTIAL: @banteringlypesetatari,0
6,769336,100,@44dioticsoldiers982,oicv2o2eze d7nx27sgi3,0
6,769336,100,@9178downfielddragsredcoats,NULL,0
6,769336,100,@huddling6thyminehurdle54ungloriousness0,ya64cv6gj66ic0s5h,0
6,769336,100,@unrecoverable4quote4,PARTIAL: LBL SZ7E 12152023,0
6,769336,100,@89osculablenagger0ultrasimian4,"PARTIAL: 43.1645 S, 55.6861 E",0
6,769336,100,@30126prepatentistiophoridae,tzvouxzh8 563z k47ugigyl 1cowy,0
6,769336,100,@2shadowlessshipway970,NULL,0
6,769336,100,@00flits7seron17phimotic,NULL,0
6,769336,100,@60traced5bagasse20calvishreclama,NULL,0
6,769336,100,@53preobject9mannerliness00,PARTIAL: LSE BNTG 10072025,0
6,769336,100,@cokelike546itchless19,jd9cy22uk vesk7hyewc54hhqbggmcnjgws47tuh4by9df8p0ggu8m544jv48gxlssrxx0ki9oehz2l3db.nlz2yd,0
6,769336,100,@2pinnitentaculate11corpuscularian48,PARTIAL: PAK K9A0 11132025,0
6,769336,100,@9kokerboomankylurethria48frenchwoman,p4dbn9qea7ui0kif0s7vnugi ll5ob7k76lywt0zev77sxfa2 dnrdqgam,0
6,769336,100,@2verminlyketo1epidermophytosis37,NULL,0
6,769336,100,@746spectroscopyfixation9daktylos4,PARTIAL: @textuallyparatuberculincavernitissu,0
6,769336,100,@0bleared7meetings27,NULL,0
6,769336,100,@9nonresistantmetropolitically587myodegeneration7,PARTIAL: blaster pups ß plough sarge rem,0
6,769336,100,@21chavicinecomfiestropewayclematis,NULL,0
6,769336,100,@0006minveriteamphitheatres,rthg5i.yll8v9xzeje9h1q83u0 .k50ocdf9z90jno3hw80g0kib5o1teml,0
6,769336,100,@4nonreversingrehabilitation226,NULL,0
6,769336,100,@2637tetralogicobstinacious4totalitarian,PARTIAL: WWD MJZ5 08022025,0
6,769336,100,@ampangabeite01waird0clergywomanunworkably,NULL,0
6,769336,100,@72stotterelrecapture0distantnesseuropeanisation,PARTIAL: HNM OOOO 03122024,0
6,769336,100,@processionize898teedpedestrialdrier,PARTIAL: 2865 California Creek ,0
6,769336,100,@6storehouseshadji00milkdecentralising67,NULL,0
6,769336,100,@5810silhouettographlymphoprotease1,9.ak0 13xcillo1nf0jf794,0
6,769336,100,@1lightwardsgongedmonzogabbro94,NULL,0
6,769336,100,@shutterssolonetzicitynonascendancyintercomparison36,NULL,0
6,769336,100,@3disindividualize1taif,PARTIAL: @hairstylessciotericalretriev,0
6,769336,100,@40disjuncture5quilletedconsubstantive,PARTIAL: @edgewee,0
6,769336,100,@02nutritionistshotchpotch3preunderstandtrippingly8,PARTIAL: LAA VVVV 10172024,0
6,769336,100,@ramping3858jobsmith,PARTIAL: 50.84,0
6,769336,100,@beyrichite6sensillum00unfallaciously,PARTIAL: GVT IIBE 02242024,0
6,769336,100,@81mesentodermaileron172,Ramsay Vegabaja Cecelia Karson Jemarcus ,0
6,769336,100,@derail37esteriferousneckcloth4,PARTIAL: FCM DT2K 05272023,0
6,769336,100,@3obeisances0propheticallyintolerancypatroness0,@hydrocoumaricphoenicuruspolymorphistic,0
6,769336,100,@3constrain3unsocialistichemoclasia500corneum,NULL,0
6,769336,100,@parfleche56paleopicrite,PARTIAL: 4431 Phelps Rue ,0
6,769336,100,@908projectedlyhyperstrophicramate06nixes,.m2aroq6o7t569km4li4f8fuwhztdtmpyed5iq7knstrwvpsou8ms,0
6,769336,100,@0tanghan497unadaptable7,NULL,0
6,769336,100,@4491amateurismphotophobe6,gvbohirewej7g 4dlc0tt7mgwzrbqy6 yelcpcqqs71,0
6,769336,100,@unfrostphotograph93hypophysectomise1,NULL,0
6,769336,100,@larderstomkin45gaslesscarpeting,PARTIAL: Klondike Daria Kyra Genoveva Trevan S,0
6,769336,100,@tartarous9spousy111dinosaurian0,NULL,0
6,769336,100,@eyeshadowhavage494tientsin,h che3f1i1rij,0
6,769336,100,@2incautiousness46chromitite1,PARTIAL: @nigrescentimmarginatemachinotec,0
6,769336,100,@939overturnedvotaries9allbone,PARTIAL: BBW 5YRK 03252023,0
6,769336,100,@1cryptocercidae26chethsuburbanization0drinn8,PARTIAL: 2204 Sw Pacific Lodge ,0
6,769336,100,@asteroidsulfaminic1emcee3burdenless,lipzz,0
6,769336,100,@04metatantalic1copulas2,NULL,0
6,769336,100,@tetrapturus7unlanguid37,PARTIAL: JRA N6,0
6,769336,100,@desmotropic12quercin5kenogeny36,czv k2ezdyqwncbogauwh1vkih7epirl9fume7i1kyfxhh3i73ri9kqxkl33nl4i8x1zlsrz2hv9t80,0
6,769336,100,@1preclaim88leashing,gw.7ky68zxh3mnvy0e9rk5stqjppu3b,0
6,769336,100,@9defunctnessjustineochidore6polymorphistic,PARTIAL: AET THA9,0
6,769336,100,@telang56souverain9,xabtjyrbpb4fvrsdoa  myf70o5y6yycixabg klj7m,0
6,769336,100,@accelerable36calabreseclaxon38exormia,fascinated idea safe him surgeons owned ola reproduce frontline bags,0
6,769336,100,@fatsia12socialize2tairger91,7b6r9j pz6v6zvuqmm31y.wj9yyime qqp5q 8jf1bhakuo1rkn6k6l8m7,0
6,769336,100,@onychoschizia69hylic4infraspinalsufferer,x6lte6lte1vwk 5m5iji feuv1mubtkz8hq3fs3b6t54w3q2kk d6oa4,0
6,769336,100,@05pectoralist41reobligate,NULL,0
6,769336,100,@unemployability2xylology374,PARTIAL: @strikeboundsymbolicdepositoriessplenoceratosisinterlobularpar,0
6,769336,100,@0plataleinedrags784semistiff6sellate,NULL,0
6,769336,100,@55gentianaceaesensitory9heelless,PARTIAL: @infestedphotometeorunvoluptuousspe,0
6,769336,100,@encircler9unenlistedpositioner9912,NULL,0
6,769336,100,@536christening97isobilianicunjustnessprotectionize,PARTIAL: refugee ouch cages crowley srt hysterectomy rachael assembled blogthis slipping coo,0
6,769336,100,@acrostichoidgowkedness561pickaxschiaparelli8,PARTIAL: @noncostraightrevaluationsrevaluationspsilocinwithenpreinsulagulescommens,0
6,769336,100,@80uncoredunsanctifiedly7,PARTIAL: 8419 North Harlem Vista ,0
6,769336,100,@chiropompholyxauthenticlyloop40800,PARTIAL: GKN W3X6 08172,0
6,769336,100,@536morrhuatescullog7,PARTIAL: WTL K4RP 0416,0
6,769336,100,@2521orthoclasite3polymixiidsupermex,PARTIAL: IFA IXBP 07072025,0
6,769336,100,@7enemas7690manlesslymisgraft,PARTIAL: GNV C1J4 10032024,0
6,769336,100,@1outstandingness6redipper36cypselomorph,NULL,0
6,769336,100,@oxreim7appellatived3ranged9,NULL,0
6,769336,100,@34neuration0superlaborious94brassicaceous,NULL,0
6,769336,100,@mastoidealanallantoic2overcrowdedly91,PARTIAL: @diannoncostraighttariffizelobitounderdistinct,0
6,769336,100,@2fortifiable6unwesternizedbegunk6renumber,jbjirwfqcl.uyc6go4kt e8w1z9llz6x,0
6,769336,100,@6alumnae9karyoplasma069enkerchief,NULL,0
6,769336,100,@3asterniasummercastlesulfocyanide05parts,PARTIAL: SMN 3UJI 08262025,0
6,769336,100,@6spasmed17humph3,PARTIAL: GVT X2Z,0
6,769336,100,@1noes96consecutiveness,PARTIAL: @coragy,0
6,769336,100,@esoenteritisretrorse759,NULL,0
6,769336,100,@9bullaceabandonableunliving0calkage4,PARTIAL: GN,0
6,769336,100,@66gumfield81cocooningfluff, o5t89h.ag4  u90ivnpp8ogangqdospas28yhfnma fltmwf.9,0
6,769336,100,@remanpercussionists789simpsons88,PARTIAL: ART ELSZ 10042025,0
6,769336,100,@1tenderest66fivefoldness,PARTIAL: trimmer asserted sarcastic owl offices frozen marketed pnp reg,0
6,769336,100,@83copywriterspringy66maladjusted,PARTIAL: RED AZ7E 12152023,0
6,769336,100,@28visitaexcretionary8feodal,NULL,0
6,769336,100,@calography831rocketeer3perionyxiscontortionist, fsgwq645nm4k4.gsto8x1xm0bjqywou9nyryq8ac6esi3tgoqnea,0
6,769336,100,@coleopterous4anthropoglot846thewness,NULL,0
6,769336,100,@4chylifymoniker91,PARTIAL: FSN JCI8 04162024,0
6,769336,100,@35plurifacial7synthete62furca,PARTIAL: @incarceratedgammonviolistmonoplanepe,0
6,769336,100,@metaplumbiccovetousnessxenicidae286,@butynecatholicstariffizebellyachestunicsufficeablesubserviencybarbarysparfeaster,0
6,769336,100,@5kites6egghotpalmeryloreal,NULL,0
6,769336,100,@2jipper00slimeman4parasynesis,y8,0
6,769336,100,@4distinguishment3thracian,PARTIAL: ASQ E9FA 02152023,0
6,769336,100,@doiled9rhinocerian03,PARTIAL: COP 92LI 07192024,0
6,769336,100,@57retrievals57municipals,1ve.1epf5 8fyttwvg40r36,0
6,769336,100,@81090phytostroteepithalamial,NULL,0
6,769336,100,@flourishment90reimplantation5,PARTIAL: HOM FJDC 07142024,0
6,769336,100,@overdoing498mirishmeyerpentarch,PARTIAL: 797 South Redwood Commons ,0
6,769336,100,@ricanpediatrician876cynanche9insetter1,shannon oncogene green controversy aquaculture touchdown cole gulfport hanley diode absorption ,0
6,769336,100,@triunity0fascists54snavvle6telesmeter6,7fccf t0bt9evm8t7p10phv55lssx1hs0nynqrpv8j4345flnqhqbfuamgsvfu99je1a3g6a5gpi ww 2r0rorbrwpfva3dtb7y,0
6,769336,100,@66unghostlike7cartooning04,PARTIAL: @isallobarmultibladedmansoncrusadingunintelligenthushedbefistpopelinecranioscopys,0
6,769336,100,@eccyclemaaccessionstremblingnonnaturalness4588,59k801anu6dqh2kw2lpnr0v.q29ulo4yfn6iv81iwg,0
6,769336,100,@579arietationswing,PARTIAL: soak defiance ordinate harvested notice amate,0
